path	status	reason
.dockerignore	reviewed	batch 287 last-line length matched; model not tool-verified grok
.eslintignore	reviewed	batch 287 last-line length matched; model not tool-verified grok
.eslintignore.web	reviewed	batch 287 last-line length matched; model not tool-verified grok
.eslintrc.cjs	reviewed	batch 287 last-line length matched; model not tool-verified grok
.githooks/commit-msg	reviewed	batch 287 last-line length matched; model not tool-verified grok
.githooks/pre-commit	reviewed	batch 287 last-line length matched; model not tool-verified grok
.githooks/pre-push	reviewed	batch 287 last-line length matched; model not tool-verified grok
.github/ISSUE_TEMPLATE/bug_report.yaml	reviewed	batch 287 last-line length matched; model not tool-verified grok
.github/ISSUE_TEMPLATE/feature_request.yaml	reviewed	batch 287 last-line length matched; model not tool-verified grok
.github/PULL_REQUEST_TEMPLATE.md	reviewed	batch 287 last-line length matched; model not tool-verified grok
.github/docker-compose-web-ci.override.yml	reviewed	batch 287 last-line length matched; model not tool-verified grok
.github/workflows/ninja_i18n.yml	reviewed	batch 287 last-line length matched; model not tool-verified grok
.github/workflows/playwright-test.yml	reviewed	batch 287 last-line length matched; model not tool-verified grok
.github/workflows/web_ci.yaml	reviewed	batch 287 last-line length matched; model not tool-verified grok
.github/workflows/web_coverage.yaml	reviewed	batch 287 last-line length matched; model not tool-verified grok; main-session moved the coverage token to a secret reference
.github/workflows/web_docker.yml	reviewed	batch 288 last-line length matched; model not tool-verified grok
.gitignore	reviewed	batch 288 last-line length matched; model not tool-verified grok
.nycrc	reviewed	batch 288 last-line length matched; model not tool-verified grok
.prettierrc.cjs	reviewed	batch 288 last-line length matched; model not tool-verified grok
.storybook/GUIDE.md	reviewed	batch 288 last-line length matched; model not tool-verified grok
.storybook/argTypes.ts	reviewed	batch 288 last-line length matched; model not tool-verified grok
.storybook/decorators.tsx	reviewed	batch 288 last-line length matched; model not tool-verified grok
.storybook/main.ts	reviewed	batch 288 last-line length matched; model not tool-verified grok
.storybook/mocks.ts	reviewed	batch 288 last-line length matched; model not tool-verified grok
.storybook/preview.tsx	reviewed	batch 288 last-line length matched; model not tool-verified grok
.vscode/settings.json	reviewed	batch 288 last-line length matched; model not tool-verified grok
AUDIT_SUMMARY.md	reviewed	batch 288 last-line length matched; model not tool-verified grok
CODE_OF_CONDUCT.md	reviewed	batch 288 last-line length matched; model not tool-verified grok
LICENSE	reviewed	batch 288 last-line length matched; model not tool-verified grok
README.md	doc	readme
__mocks__/lodash-es.ts	reviewed	batch 288 last-line length matched; model not tool-verified grok; main-session made isEqual compare values
__mocks__/lodash-es/debounce.ts	reviewed	batch 289 last-line length matched; model not tool-verified grok
__mocks__/lodash-es/isEqual.ts	reviewed	batch 289 last-line length matched; model not tool-verified grok
__mocks__/nanoid.ts	reviewed	batch 289 last-line length matched; model not tool-verified grok
api/_lib/__tests__/unfurl.test.ts	test-fixture	test or fixture path
api/_lib/unfurl.ts	reviewed	batch 289 last-line length matched; model not tool-verified grok
api/_lib/url-safety.ts	reviewed	batch 289 last-line length matched; model not tool-verified grok
api/link-preview.ts	reviewed	batch 289 last-line length matched; model not tool-verified grok
components.json	reviewed	batch 289 last-line length matched; model not tool-verified grok
deploy.env	reviewed	batch 289 last-line length matched; model not tool-verified grok
deploy/api.ts	reviewed	batch 289 last-line length matched; model not tool-verified grok
deploy/config.ts	reviewed	batch 289 last-line length matched; model not tool-verified grok
deploy/html.ts	reviewed	batch 289 last-line length matched; model not tool-verified grok
deploy/logger.ts	reviewed	batch 289 last-line length matched; model not tool-verified grok
deploy/publish-error.ts	reviewed	batch 289 last-line length matched; model not tool-verified grok
deploy/routes.test.ts	reviewed	batch 289 last-line length matched; model not tool-verified grok
deploy/routes.ts	reviewed	batch 289 last-line length matched; model not tool-verified grok
deploy/server.test.ts	reviewed	batch 290 last-line length matched; model not tool-verified grok
deploy/server.ts	reviewed	batch 290 last-line length matched; model not tool-verified grok
desktop.md	reviewed	batch 290 last-line length matched; model not tool-verified grok
dev.env	reviewed	batch 290 last-line length matched; model not tool-verified grok
doc/DEVELOPMENT_GUIDE.md	reviewed	batch 290 last-line length matched; model not tool-verified grok
docker/Dockerfile	reviewed	batch 290 last-line length matched; model not tool-verified grok
docker/Dockerfile.ssr	reviewed	batch 290 last-line length matched; model not tool-verified grok
docker/docker-compose.example.yml	reviewed	batch 290 last-line length matched; model not tool-verified grok
docker/entrypoint-ssr.sh	reviewed	batch 290 last-line length matched; model not tool-verified grok
docker/entrypoint.sh	reviewed	batch 290 last-line length matched; model not tool-verified grok
docker/nginx-ssr.conf	reviewed	batch 290 last-line length matched; model not tool-verified grok
docker/nginx.conf	reviewed	batch 290 last-line length matched; model not tool-verified grok
docker/supervisord-ssr.conf	reviewed	batch 290 last-line length matched; model not tool-verified grok
docs/list-view-flutter-parity.md	reviewed	batch 290 last-line length matched; model not tool-verified grok
index.html	reviewed	batch 290 last-line length matched; model not tool-verified grok
jest.config.cjs	reviewed	batch 291 last-line length matched; model not tool-verified grok
package.json	reviewed	batch 291 last-line length matched; model not tool-verified grok
playwright-snapshot.config.ts	reviewed	batch 291 last-line length matched; model not tool-verified grok
playwright.bdd.config.ts	reviewed	batch 291 last-line length matched; model not tool-verified grok
playwright.config.ts	reviewed	batch 291 last-line length matched; model not tool-verified grok
playwright/MIGRATION.md	reviewed	batch 291 last-line length matched; model not tool-verified grok
playwright/bdd/features/app/outline-cache.feature	reviewed	batch 291 last-line length matched; model not tool-verified grok
playwright/bdd/features/app/sidebar-drop-indicator.feature	reviewed	batch 291 last-line length matched; model not tool-verified grok
playwright/bdd/features/auth/auth-regressions.feature	reviewed	batch 291 last-line length matched; model not tool-verified grok
playwright/bdd/features/auth/ldap-login.feature	reviewed	batch 291 last-line length matched; model not tool-verified grok
playwright/bdd/features/auth/mock-login-flows.feature	reviewed	batch 291 last-line length matched; model not tool-verified grok
playwright/bdd/features/auth/oidc-login.feature	reviewed	batch 291 last-line length matched; model not tool-verified grok
playwright/bdd/features/database/board-grouping-default.feature	reviewed	batch 291 last-line length matched; model not tool-verified grok
playwright/bdd/features/database/board-hidden-empty-groups.feature	reviewed	batch 291 last-line length matched; model not tool-verified grok
playwright/bdd/features/database/gallery-readonly.feature	reviewed	batch 291 last-line length matched; model not tool-verified grok
playwright/bdd/features/database/gallery-relation-prefill.feature	reviewed	batch 292 last-line length matched; model not tool-verified grok
playwright/bdd/features/database/gallery-row-detail-no-stacking.feature	reviewed	batch 292 last-line length matched; model not tool-verified grok
playwright/bdd/features/database/list-group-visibility.feature	reviewed	batch 292 last-line length matched; model not tool-verified grok
playwright/bdd/features/database/list-readonly.feature	reviewed	batch 292 last-line length matched; model not tool-verified grok
playwright/bdd/features/database/nested-database-interoperability.feature	reviewed	batch 292 last-line length matched; model not tool-verified grok
playwright/bdd/features/database/published-relation-template.feature	reviewed	batch 292 last-line length matched; model not tool-verified grok
playwright/bdd/features/database/published-relation-unpublish.feature	reviewed	batch 292 last-line length matched; model not tool-verified grok
playwright/bdd/features/database/published-row-document.feature	reviewed	batch 292 last-line length matched; model not tool-verified grok
playwright/bdd/features/database/published-template-multiple-views.feature	reviewed	batch 292 last-line length matched; model not tool-verified grok
playwright/bdd/features/database/relation-picker-first-open.feature	reviewed	batch 292 last-line length matched; model not tool-verified grok
playwright/bdd/features/database/relation-two-way-desktop-parity.feature	reviewed	batch 292 last-line length matched; model not tool-verified grok
playwright/bdd/features/database/row-attribution.feature	reviewed	batch 292 last-line length matched; model not tool-verified grok
playwright/bdd/features/database/row-document-member-permission.feature	reviewed	batch 292 last-line length matched; model not tool-verified grok
playwright/bdd/features/database/row-document.feature	reviewed	batch 292 last-line length matched; model not tool-verified grok
playwright/bdd/features/database/row-page-lifecycle.feature	reviewed	batch 292 last-line length matched; model not tool-verified grok
playwright/bdd/features/database/row-template-relation.feature	reviewed	batch 293 last-line length matched; model not tool-verified grok
playwright/bdd/features/database/seeded-nathan-publish-lifecycle.feature	reviewed	batch 293 last-line length matched; model not tool-verified grok
playwright/bdd/features/database/view-tab-order.feature	reviewed	batch 293 last-line length matched; model not tool-verified grok
playwright/bdd/features/editor/editor-editing.feature	reviewed	batch 293 last-line length matched; model not tool-verified grok
playwright/bdd/features/editor/inline-comment.feature	reviewed	batch 293 last-line length matched; model not tool-verified grok
playwright/bdd/features/editor/mention-search.feature	reviewed	batch 293 last-line length matched; model not tool-verified grok
playwright/bdd/features/editor/paste-at-cursor.feature	reviewed	batch 293 last-line length matched; model not tool-verified grok
playwright/bdd/features/editor/toggle-list-publish.feature	reviewed	batch 293 last-line length matched; model not tool-verified grok
playwright/bdd/features/page/eva-more-actions-permissions.feature	reviewed	batch 293 last-line length matched; model not tool-verified grok
playwright/bdd/features/page/favorite-page.feature	reviewed	batch 293 last-line length matched; model not tool-verified grok
playwright/bdd/features/page/full-access-share-management.feature	reviewed	batch 293 last-line length matched; model not tool-verified grok
playwright/bdd/features/page/public-to-private-move-access.feature	reviewed	batch 293 last-line length matched; model not tool-verified grok
playwright/bdd/features/page/publish-comments-default.feature	reviewed	batch 293 last-line length matched; model not tool-verified grok
playwright/bdd/features/page/publish-custom-url.feature	reviewed	batch 293 last-line length matched; model not tool-verified grok
playwright/bdd/features/page/published-document-template-dependencies.feature	reviewed	batch 293 last-line length matched; model not tool-verified grok
playwright/bdd/features/page/seeded-role-matrix.feature	reviewed	batch 294 last-line length matched; model not tool-verified grok
playwright/bdd/features/page/share-group-invite.feature	reviewed	batch 294 last-line length matched; model not tool-verified grok
playwright/bdd/features/workspace/space-permission-matrix-management.feature	reviewed	batch 294 last-line length matched; model not tool-verified grok
playwright/bdd/features/workspace/workspace-group-management.feature	reviewed	batch 294 last-line length matched; model not tool-verified grok
playwright/bdd/features/workspace/workspace-reorder.feature	reviewed	batch 294 last-line length matched; model not tool-verified grok
playwright/bdd/features/workspace/workspace-switch-race.feature	reviewed	batch 294 last-line length matched; model not tool-verified grok
playwright/bdd/steps/board-hidden-empty-groups.steps.ts	reviewed	batch 294 last-line length matched; model not tool-verified grok
playwright/bdd/steps/database-row-attribution.steps.ts	reviewed	batch 294 last-line length matched; model not tool-verified grok
playwright/bdd/steps/database-row-document.steps.ts	reviewed	batch 294 last-line length matched; model not tool-verified grok
playwright/bdd/steps/database-view-tab-order.steps.ts	reviewed	batch 294 last-line length matched; model not tool-verified grok
playwright/bdd/steps/editor-editing.steps.ts	reviewed	batch 294 last-line length matched; model not tool-verified grok
playwright/bdd/steps/eva-more-actions-permissions.steps.ts	reviewed	batch 294 last-line length matched; model not tool-verified grok
playwright/bdd/steps/favorite-page.steps.ts	reviewed	batch 294 last-line length matched; model not tool-verified grok
playwright/bdd/steps/full-access-share-management.steps.ts	reviewed	batch 294 last-line length matched; model not tool-verified grok
playwright/bdd/steps/gallery-readonly.steps.ts	reviewed	batch 294 last-line length matched; model not tool-verified grok
playwright/bdd/steps/gallery-relation-prefill.steps.ts	reviewed	batch 295 last-line length matched; model not tool-verified grok
playwright/bdd/steps/gallery-row-detail-no-stacking.steps.ts	reviewed	batch 295 last-line length matched; model not tool-verified grok
playwright/bdd/steps/inline-comment.steps.ts	reviewed	batch 295 last-line length matched; model not tool-verified grok
playwright/bdd/steps/ldap-login.steps.ts	reviewed	batch 295 last-line length matched; model not tool-verified grok
playwright/bdd/steps/list-group-visibility.steps.ts	reviewed	batch 295 last-line length matched; model not tool-verified grok
playwright/bdd/steps/list-readonly.steps.ts	reviewed	batch 295 last-line length matched; model not tool-verified grok
playwright/bdd/steps/mention-search.steps.ts	reviewed	batch 295 last-line length matched; model not tool-verified grok
playwright/bdd/steps/mock-login-flows.steps.ts	reviewed	batch 295 last-line length matched; model not tool-verified grok
playwright/bdd/steps/nested-database-interoperability.steps.ts	reviewed	batch 295 last-line length matched; model not tool-verified grok
playwright/bdd/steps/oidc-login.steps.ts	reviewed	batch 295 last-line length matched; model not tool-verified grok
playwright/bdd/steps/outline-cache.steps.ts	reviewed	batch 295 last-line length matched; model not tool-verified grok
playwright/bdd/steps/paste-at-cursor.steps.ts	reviewed	batch 295 last-line length matched; model not tool-verified grok
playwright/bdd/steps/public-to-private-move-access.steps.ts	reviewed	batch 295 last-line length matched; model not tool-verified grok
playwright/bdd/steps/publish-comments-default.steps.ts	reviewed	batch 295 last-line length matched; model not tool-verified grok
playwright/bdd/steps/publish-custom-url.steps.ts	reviewed	batch 295 last-line length matched; model not tool-verified grok
playwright/bdd/steps/published-document-template-dependencies.steps.ts	reviewed	batch 296 last-line length matched; model not tool-verified grok
playwright/bdd/steps/published-relation-template.steps.ts	reviewed	batch 296 last-line length matched; model not tool-verified grok
playwright/bdd/steps/published-row-document.steps.ts	reviewed	batch 296 last-line length matched; model not tool-verified grok
playwright/bdd/steps/published-template-multiple-views.steps.ts	reviewed	batch 296 last-line length matched; model not tool-verified grok
playwright/bdd/steps/relation-picker-first-open.steps.ts	reviewed	batch 296 last-line length matched; model not tool-verified grok
playwright/bdd/steps/relation-two-way-desktop-parity.steps.ts	reviewed	batch 296 last-line length matched; model not tool-verified grok
playwright/bdd/steps/row-document-member-permission.steps.ts	reviewed	batch 296 last-line length matched; model not tool-verified grok
playwright/bdd/steps/row-page-lifecycle.steps.ts	reviewed	batch 296 last-line length matched; model not tool-verified grok
playwright/bdd/steps/row-template-relation.steps.ts	reviewed	batch 296 last-line length matched; model not tool-verified grok
playwright/bdd/steps/seeded-role-matrix.steps.ts	reviewed	batch 296 last-line length matched; model not tool-verified grok
playwright/bdd/steps/share-group-invite.steps.ts	reviewed	batch 296 last-line length matched; model not tool-verified grok
playwright/bdd/steps/sidebar-drop-indicator.steps.ts	reviewed	batch 296 last-line length matched; model not tool-verified grok
playwright/bdd/steps/space-permission-matrix-management.steps.ts	reviewed	batch 296 last-line length matched; model not tool-verified grok
playwright/bdd/steps/toggle-list-publish.steps.ts	reviewed	batch 296 last-line length matched; model not tool-verified grok
playwright/bdd/steps/workspace-group-management.steps.ts	reviewed	batch 296 last-line length matched; model not tool-verified grok
playwright/bdd/steps/workspace-reorder.steps.ts	reviewed	batch 297 last-line length matched; model not tool-verified grok
playwright/bdd/steps/workspace-switch-race.steps.ts	reviewed	batch 297 last-line length matched; model not tool-verified grok
playwright/e2e/account/account-settings.spec.ts	test-fixture	test or fixture path
playwright/e2e/account/avatar/avatar-api.spec.ts	test-fixture	test or fixture path
playwright/e2e/account/avatar/avatar-awareness-dedupe.spec.ts	test-fixture	test or fixture path
playwright/e2e/account/avatar/avatar-database.spec.ts	test-fixture	test or fixture path
playwright/e2e/account/avatar/avatar-header.spec.ts	test-fixture	test or fixture path
playwright/e2e/account/avatar/avatar-notifications.spec.ts	test-fixture	test or fixture path
playwright/e2e/account/avatar/avatar-persistence.spec.ts	test-fixture	test or fixture path
playwright/e2e/account/avatar/avatar-priority.spec.ts	test-fixture	test or fixture path
playwright/e2e/account/avatar/avatar-types.spec.ts	test-fixture	test or fixture path
playwright/e2e/app/ai-enabled-flag.spec.ts	test-fixture	test or fixture path
playwright/e2e/app/context-split-navigation.spec.ts	test-fixture	test or fixture path
playwright/e2e/app/more-actions-menu.spec.ts	test-fixture	test or fixture path
playwright/e2e/app/outline-lazy-loading.spec.ts	test-fixture	test or fixture path
playwright/e2e/app/outline-navigation-notification.spec.ts	test-fixture	test or fixture path
playwright/e2e/app/page-icon-upload.spec.ts	test-fixture	test or fixture path
playwright/e2e/app/sidebar-components.spec.ts	test-fixture	test or fixture path
playwright/e2e/app/sidebar-context-stability.spec.ts	test-fixture	test or fixture path
playwright/e2e/app/upgrade-plan.spec.ts	test-fixture	test or fixture path
playwright/e2e/app/view-modal.spec.ts	test-fixture	test or fixture path
playwright/e2e/app/websocket-reconnect.spec.ts	test-fixture	test or fixture path
playwright/e2e/app/workspace-data-loading.spec.ts	test-fixture	test or fixture path
playwright/e2e/auth/login-logout.spec.ts	test-fixture	test or fixture path
playwright/e2e/auth/oauth-login.spec.ts	test-fixture	test or fixture path
playwright/e2e/auth/otp-login.spec.ts	test-fixture	test or fixture path
playwright/e2e/auth/password-login.spec.ts	test-fixture	test or fixture path
playwright/e2e/auth/password-signup.spec.ts	test-fixture	test or fixture path
playwright/e2e/calendar/calendar-basic.spec.ts	test-fixture	test or fixture path
playwright/e2e/calendar/calendar-navigation.spec.ts	test-fixture	test or fixture path
playwright/e2e/calendar/calendar-reschedule.spec.ts	test-fixture	test or fixture path
playwright/e2e/chat/chat-input.spec.ts	test-fixture	test or fixture path
playwright/e2e/chat/chat-provider-stability.spec.ts	test-fixture	test or fixture path
playwright/e2e/chat/create-ai-chat.spec.ts	test-fixture	test or fixture path
playwright/e2e/chat/model-selection-persistence.spec.ts	test-fixture	test or fixture path
playwright/e2e/chat/selection-mode.spec.ts	test-fixture	test or fixture path
playwright/e2e/database/ai-field-generate.spec.ts	test-fixture	test or fixture path
playwright/e2e/database/board-edit-operations.spec.ts	test-fixture	test or fixture path
playwright/e2e/database/board-scroll-stability.spec.ts	test-fixture	test or fixture path
playwright/e2e/database/calendar-edit-operations.spec.ts	test-fixture	test or fixture path
playwright/e2e/database/chart-aggregation.spec.ts	test-fixture	test or fixture path
playwright/e2e/database/chart-basic.spec.ts	test-fixture	test or fixture path
playwright/e2e/database/chart-chart-type.spec.ts	test-fixture	test or fixture path
playwright/e2e/database/chart-date-axis.spec.ts	test-fixture	test or fixture path
playwright/e2e/database/chart-drilldown.spec.ts	test-fixture	test or fixture path
playwright/e2e/database/chart-persistence.spec.ts	test-fixture	test or fixture path
playwright/e2e/database/chart-toggles.spec.ts	test-fixture	test or fixture path
playwright/e2e/database/chart-y-field.spec.ts	test-fixture	test or fixture path
playwright/e2e/database/database-collab-cache.spec.ts	test-fixture	test or fixture path
playwright/e2e/database/database-container-open.spec.ts	test-fixture	test or fixture path
playwright/e2e/database/database-duplicate-cloud.spec.ts	test-fixture	test or fixture path
playwright/e2e/database/database-file-upload.spec.ts	test-fixture	test or fixture path
playwright/e2e/database/database-grid-grouping.spec.ts	test-fixture	test or fixture path
playwright/e2e/database/database-identifier-grouping.spec.ts	test-fixture	test or fixture path
playwright/e2e/database/database-view-consistency.spec.ts	test-fixture	test or fixture path
playwright/e2e/database/database-view-delete.spec.ts	test-fixture	test or fixture path
playwright/e2e/database/database-view-tabs.spec.ts	test-fixture	test or fixture path
playwright/e2e/database/duplicate-database-row-doc.spec.ts	test-fixture	test or fixture path
playwright/e2e/database/duplicate-row-doc-content.spec.ts	test-fixture	test or fixture path
playwright/e2e/database/duplicate-row-inline-db.spec.ts	test-fixture	test or fixture path
playwright/e2e/database/field-type-checkbox.spec.ts	test-fixture	test or fixture path
playwright/e2e/database/field-type-checklist.spec.ts	test-fixture	test or fixture path
playwright/e2e/database/field-type-datetime.spec.ts	test-fixture	test or fixture path
playwright/e2e/database/field-type-select.spec.ts	test-fixture	test or fixture path
playwright/e2e/database/field-type-time.spec.ts	test-fixture	test or fixture path
playwright/e2e/database/filter-editors-desktop-parity.spec.ts	test-fixture	test or fixture path
playwright/e2e/database/filter-sort-sync.spec.ts	test-fixture	test or fixture path
playwright/e2e/database/gallery-view-core.spec.ts	test-fixture	test or fixture path
playwright/e2e/database/gallery-view-filter-sort.spec.ts	test-fixture	test or fixture path
playwright/e2e/database/gallery-view-lazy-load.spec.ts	test-fixture	test or fixture path
playwright/e2e/database/gallery-view-preview-meta.spec.ts	test-fixture	test or fixture path
playwright/e2e/database/grid-edit-operations.spec.ts	test-fixture	test or fixture path
playwright/e2e/database/grid-scroll-stability.spec.ts	test-fixture	test or fixture path
playwright/e2e/database/list-view-live-flutter-parity.spec.ts	test-fixture	test or fixture path
playwright/e2e/database/list-view-state-parity.spec.ts	test-fixture	test or fixture path
playwright/e2e/database/list-view.spec.ts	test-fixture	test or fixture path
playwright/e2e/database/person-cell-publish.spec.ts	test-fixture	test or fixture path
playwright/e2e/database/person-cell.spec.ts	test-fixture	test or fixture path
playwright/e2e/database/publish-database-rows.spec.ts	test-fixture	test or fixture path
playwright/e2e/database/publish-database-views.spec.ts	test-fixture	test or fixture path
playwright/e2e/database/relation-cell-refresh.spec.ts	test-fixture	test or fixture path
playwright/e2e/database/relation-cell.spec.ts	test-fixture	test or fixture path
playwright/e2e/database/relation-desktop-parity.spec.ts	test-fixture	test or fixture path
playwright/e2e/database/rollup-cell.spec.ts	test-fixture	test or fixture path
playwright/e2e/database/row-comment.spec.ts	test-fixture	test or fixture path
playwright/e2e/database/row-detail.spec.ts	test-fixture	test or fixture path
playwright/e2e/database/row-document.spec.ts	test-fixture	test or fixture path
playwright/e2e/database/row-operations.spec.ts	test-fixture	test or fixture path
playwright/e2e/database/row-template.spec.ts	test-fixture	test or fixture path
playwright/e2e/database/single-select-column.spec.ts	test-fixture	test or fixture path
playwright/e2e/database/sort-regression.spec.ts	test-fixture	test or fixture path
playwright/e2e/database/sort.spec.ts	test-fixture	test or fixture path
playwright/e2e/database2/filter-advanced-select-edit.spec.ts	test-fixture	test or fixture path
playwright/e2e/database2/filter-advanced-v070.spec.ts	test-fixture	test or fixture path
playwright/e2e/database2/filter-advanced.spec.ts	test-fixture	test or fixture path
playwright/e2e/database2/filter-checkbox.spec.ts	test-fixture	test or fixture path
playwright/e2e/database2/filter-date-relative.spec.ts	test-fixture	test or fixture path
playwright/e2e/database2/filter-date.spec.ts	test-fixture	test or fixture path
playwright/e2e/database2/filter-new-row-opens-detail.spec.ts	test-fixture	test or fixture path
playwright/e2e/database2/filter-number.spec.ts	test-fixture	test or fixture path
playwright/e2e/database2/filter-select.spec.ts	test-fixture	test or fixture path
playwright/e2e/database2/filter-text.spec.ts	test-fixture	test or fixture path
playwright/e2e/database3/field-type-switch.spec.ts	test-fixture	test or fixture path
playwright/e2e/editor/advanced/editor_advanced.spec.ts	test-fixture	test or fixture path
playwright/e2e/editor/ai-meeting/ai-meeting-copy.spec.ts	test-fixture	test or fixture path
playwright/e2e/editor/ai-meeting/ai-meeting-layout.spec.ts	test-fixture	test or fixture path
playwright/e2e/editor/ai-meeting/ai-meeting-readonly.spec.ts	test-fixture	test or fixture path
playwright/e2e/editor/ai-meeting/ai-meeting-references.spec.ts	test-fixture	test or fixture path
playwright/e2e/editor/ai-meeting/ai-meeting-regenerate.spec.ts	test-fixture	test or fixture path
playwright/e2e/editor/ai-meeting/ai-meeting-tabs.spec.ts	test-fixture	test or fixture path
playwright/e2e/editor/ai-meeting/ai-meeting-title.spec.ts	test-fixture	test or fixture path
playwright/e2e/editor/basic/panel_selection.spec.ts	test-fixture	test or fixture path
playwright/e2e/editor/basic/text_editing.spec.ts	test-fixture	test or fixture path
playwright/e2e/editor/blocks/code_block_paste.spec.ts	test-fixture	test or fixture path
playwright/e2e/editor/blocks/code_block_scroll.spec.ts	test-fixture	test or fixture path
playwright/e2e/editor/blocks/file-block-upload.spec.ts	test-fixture	test or fixture path
playwright/e2e/editor/blocks/merge.spec.ts	test-fixture	test or fixture path
playwright/e2e/editor/blocks/paste_indent.spec.ts	test-fixture	test or fixture path
playwright/e2e/editor/blocks/unsupported_block.spec.ts	test-fixture	test or fixture path
playwright/e2e/editor/collaboration/tab_sync.spec.ts	test-fixture	test or fixture path
playwright/e2e/editor/commands/editor_commands.spec.ts	test-fixture	test or fixture path
playwright/e2e/editor/context/editor-panel-stability.spec.ts	test-fixture	test or fixture path
playwright/e2e/editor/cursor/editor_interaction.spec.ts	test-fixture	test or fixture path
playwright/e2e/editor/editor-basic.spec.ts	test-fixture	test or fixture path
playwright/e2e/editor/find-and-replace.spec.ts	test-fixture	test or fixture path
playwright/e2e/editor/formatting/markdown-shortcuts.spec.ts	test-fixture	test or fixture path
playwright/e2e/editor/formatting/slash-menu-formatting.spec.ts	test-fixture	test or fixture path
playwright/e2e/editor/formatting/text_styling.spec.ts	test-fixture	test or fixture path
playwright/e2e/editor/lists/editor_lists.spec.ts	test-fixture	test or fixture path
playwright/e2e/editor/toolbar/editor_toolbar.spec.ts	test-fixture	test or fixture path
playwright/e2e/editor/version-history-database.spec.ts	test-fixture	test or fixture path
playwright/e2e/editor/version-history.spec.ts	test-fixture	test or fixture path
playwright/e2e/embeded/database/cloud-duplicate-doc-with-linked-and-inline-db.spec.ts	test-fixture	test or fixture path
playwright/e2e/embeded/database/database-block-duplicate-in-document.spec.ts	test-fixture	test or fixture path
playwright/e2e/embeded/database/database-bottom-scroll-simple.spec.ts	test-fixture	test or fixture path
playwright/e2e/embeded/database/database-bottom-scroll.spec.ts	test-fixture	test or fixture path
playwright/e2e/embeded/database/database-conditions.spec.ts	test-fixture	test or fixture path
playwright/e2e/embeded/database/database-container-embedded-create-delete.spec.ts	test-fixture	test or fixture path
playwright/e2e/embeded/database/database-container-link-existing.spec.ts	test-fixture	test or fixture path
playwright/e2e/embeded/database/database-sidebar-deletion.spec.ts	test-fixture	test or fixture path
playwright/e2e/embeded/database/database-sync.spec.ts	test-fixture	test or fixture path
playwright/e2e/embeded/database/duplicate-doc-inline-and-linked-db.spec.ts	test-fixture	test or fixture path
playwright/e2e/embeded/database/duplicate-doc-linked-db-filter.spec.ts	test-fixture	test or fixture path
playwright/e2e/embeded/database/embedded-database.spec.ts	test-fixture	test or fixture path
playwright/e2e/embeded/database/embedded-view-isolation.spec.ts	test-fixture	test or fixture path
playwright/e2e/embeded/database/legacy-database-slash-menu.spec.ts	test-fixture	test or fixture path
playwright/e2e/embeded/database/linked-database-plus-button.spec.ts	test-fixture	test or fixture path
playwright/e2e/embeded/database/linked-database-slash-menu.spec.ts	test-fixture	test or fixture path
playwright/e2e/embeded/database/native-list-block-lifecycle.spec.ts	test-fixture	test or fixture path
playwright/e2e/embeded/image/copy_image.spec.ts	test-fixture	test or fixture path
playwright/e2e/embeded/image/download_image.spec.ts	test-fixture	test or fixture path
playwright/e2e/embeded/image/image_toolbar_hover.spec.ts	test-fixture	test or fixture path
playwright/e2e/folder/folder-operations.spec.ts	test-fixture	test or fixture path
playwright/e2e/folder/folder-sidebar.spec.ts	test-fixture	test or fixture path
playwright/e2e/import/multipart-upload.spec.ts	test-fixture	test or fixture path
playwright/e2e/page/breadcrumb-navigation.spec.ts	test-fixture	test or fixture path
playwright/e2e/page/create-delete-page.spec.ts	test-fixture	test or fixture path
playwright/e2e/page/cross-tab-sync.spec.ts	test-fixture	test or fixture path
playwright/e2e/page/delete-page-verify-trash.spec.ts	test-fixture	test or fixture path
playwright/e2e/page/document-sidebar-refresh.spec.ts	test-fixture	test or fixture path
playwright/e2e/page/duplicate-doc-subpage-rewrite.spec.ts	test-fixture	test or fixture path
playwright/e2e/page/duplicate-page.spec.ts	test-fixture	test or fixture path
playwright/e2e/page/edit-page.spec.ts	test-fixture	test or fixture path
playwright/e2e/page/export-pdf.spec.ts	test-fixture	test or fixture path
playwright/e2e/page/import-page.spec.ts	test-fixture	test or fixture path
playwright/e2e/page/lock-page.spec.ts	test-fixture	test or fixture path
playwright/e2e/page/more-page-action.spec.ts	test-fixture	test or fixture path
playwright/e2e/page/move-page-restrictions.spec.ts	test-fixture	test or fixture path
playwright/e2e/page/paste/paste-code.spec.ts	test-fixture	test or fixture path
playwright/e2e/page/paste/paste-complex.spec.ts	test-fixture	test or fixture path
playwright/e2e/page/paste/paste-formatting.spec.ts	test-fixture	test or fixture path
playwright/e2e/page/paste/paste-headings.spec.ts	test-fixture	test or fixture path
playwright/e2e/page/paste/paste-lists.spec.ts	test-fixture	test or fixture path
playwright/e2e/page/paste/paste-plain-text.spec.ts	test-fixture	test or fixture path
playwright/e2e/page/paste/paste-tables.spec.ts	test-fixture	test or fixture path
playwright/e2e/page/publish-document-embedded-database.spec.ts	test-fixture	test or fixture path
playwright/e2e/page/publish-existing-document-embedded-database.spec.ts	test-fixture	test or fixture path
playwright/e2e/page/publish-manage.spec.ts	test-fixture	test or fixture path
playwright/e2e/page/publish-page.spec.ts	test-fixture	test or fixture path
playwright/e2e/page/publish-unpublish-state.spec.ts	test-fixture	test or fixture path
playwright/e2e/page/share-page.spec.ts	test-fixture	test or fixture path
playwright/e2e/page/shared-view-workspace-routing.spec.ts	test-fixture	test or fixture path
playwright/e2e/page/simple-table.spec.ts	test-fixture	test or fixture path
playwright/e2e/page/template-duplication.spec.ts	test-fixture	test or fixture path
playwright/e2e/space/create-space.spec.ts	test-fixture	test or fixture path
playwright/e2e/support/auth-utils.ts	test-fixture	test or fixture path
playwright/e2e/user/user.spec.ts	test-fixture	test or fixture path
playwright/e2e/video-embed.spec.ts	test-fixture	test or fixture path
playwright/fixtures/appflowy.png	test-fixture	test or fixture path
playwright/fixtures/database/4c658817-20db-4f56-b7f9-0637a22dfeb6.json	test-fixture	test or fixture path
playwright/fixtures/database/87bc006e-c1eb-47fd-9ac6-e39b17956369.json	test-fixture	test or fixture path
playwright/fixtures/database/ad7dc45b-44b5-498f-bfa2-0f43bf05cc0d.json	test-fixture	test or fixture path
playwright/fixtures/database/ce267d12-3b61-4ebb-bb03-d65272f5f817.json	test-fixture	test or fixture path
playwright/fixtures/database/csv/authors.csv	test-fixture	test or fixture path
playwright/fixtures/database/csv/blog_posts.csv	test-fixture	test or fixture path
playwright/fixtures/database/csv/orders.csv	test-fixture	test or fixture path
playwright/fixtures/database/csv/recipes.csv	test-fixture	test or fixture path
playwright/fixtures/database/csv/tasks.csv	test-fixture	test or fixture path
playwright/fixtures/database/csv/test-v020.csv	test-fixture	test or fixture path
playwright/fixtures/database/csv/v020.csv	test-fixture	test or fixture path
playwright/fixtures/database/csv/v069.csv	test-fixture	test or fixture path
playwright/fixtures/database/rows/4c658817-20db-4f56-b7f9-0637a22dfeb6.json	test-fixture	test or fixture path
playwright/fixtures/database/rows/87bc006e-c1eb-47fd-9ac6-e39b17956369.json	test-fixture	test or fixture path
playwright/fixtures/database/rows/ad7dc45b-44b5-498f-bfa2-0f43bf05cc0d.json	test-fixture	test or fixture path
playwright/fixtures/database/rows/ce267d12-3b61-4ebb-bb03-d65272f5f817.json	test-fixture	test or fixture path
playwright/fixtures/editor/blocks/paragraph.json	test-fixture	test or fixture path
playwright/fixtures/full_doc.json	test-fixture	test or fixture path
playwright/fixtures/simple_doc.json	test-fixture	test or fixture path
playwright/fixtures/test-icon.png	test-fixture	test or fixture path
playwright/support/ai-meeting-helpers.ts	reviewed	batch 297 last-line length matched; model not tool-verified grok
playwright/support/appflowy-response.test.ts	reviewed	batch 297 last-line length matched; model not tool-verified grok
playwright/support/appflowy-response.ts	reviewed	batch 297 last-line length matched; model not tool-verified grok
playwright/support/auth-flow-helpers.ts	reviewed	batch 297 last-line length matched; model not tool-verified grok
playwright/support/auth-utils.ts	reviewed	batch 297 last-line length matched; model not tool-verified grok
playwright/support/calendar-test-helpers.ts	reviewed	batch 297 last-line length matched; model not tool-verified grok
playwright/support/chart-test-helpers.ts	reviewed	batch 297 last-line length matched; model not tool-verified grok
playwright/support/comment-test-helpers.ts	reviewed	batch 297 last-line length matched; model not tool-verified grok
playwright/support/database-ui-helpers.ts	reviewed	batch 297 last-line length matched; model not tool-verified grok
playwright/support/duplicate-test-helpers.ts	reviewed	batch 297 last-line length matched; model not tool-verified grok
playwright/support/field-type-helpers.ts	reviewed	batch 297 last-line length matched; model not tool-verified grok
playwright/support/field-type-test-helpers.ts	reviewed	batch 297 last-line length matched; model not tool-verified grok
playwright/support/filter-test-helpers.ts	reviewed	batch 297 last-line length matched; model not tool-verified grok
playwright/support/fixtures.ts	reviewed	batch 298 last-line length matched; model not tool-verified grok
playwright/support/gallery-test-helpers.ts	reviewed	batch 298 last-line length matched; model not tool-verified grok
playwright/support/i18n-constants.ts	reviewed	batch 298 last-line length matched; model not tool-verified grok
playwright/support/outline-drag-helpers.ts	reviewed	batch 298 last-line length matched; model not tool-verified grok
playwright/support/page-utils.ts	reviewed	batch 298 last-line length matched; model not tool-verified grok
playwright/support/page/flows.ts	reviewed	batch 298 last-line length matched; model not tool-verified grok
playwright/support/page/page-actions.ts	reviewed	batch 298 last-line length matched; model not tool-verified grok
playwright/support/page/workspace.ts	reviewed	batch 298 last-line length matched; model not tool-verified grok
playwright/support/publish-database-helpers.ts	reviewed	batch 298 last-line length matched; model not tool-verified grok
playwright/support/relation-test-helpers.ts	reviewed	batch 298 last-line length matched; model not tool-verified grok
playwright/support/relative-date-anchors.ts	reviewed	batch 298 last-line length matched; model not tool-verified grok
playwright/support/row-detail-helpers.ts	reviewed	batch 298 last-line length matched; model not tool-verified grok
playwright/support/selectors.ts	reviewed	batch 298 last-line length matched; model not tool-verified grok
playwright/support/server-info-helpers.ts	reviewed	batch 298 last-line length matched; model not tool-verified grok
playwright/support/sort-test-helpers.ts	reviewed	batch 298 last-line length matched; model not tool-verified grok
playwright/support/test-config.test.ts	reviewed	batch 299 last-line length matched; model not tool-verified grok
playwright/support/test-config.ts	reviewed	batch 299 last-line length matched; model not tool-verified grok
playwright/support/test-helpers.ts	reviewed	batch 299 last-line length matched; model not tool-verified grok
playwright/support/yjs-inject-helpers.ts	reviewed	batch 299 last-line length matched; model not tool-verified grok
pnpm-lock.yaml	generated	lockfile
postcss.config.cjs	reviewed	batch 299 last-line length matched; model not tool-verified grok
project.inlang/settings.json	reviewed	batch 299 last-line length matched; model not tool-verified grok
public/.well-known/apple-app-site-association	reviewed	batch 299 last-line length matched; model not tool-verified grok
public/.well-known/assetlinks.json	reviewed	batch 299 last-line length matched; model not tool-verified grok
public/af_icons/artificial_intelligence/ai-chip-spark.svg	asset	binary or font asset, not executable logic
public/af_icons/artificial_intelligence/ai-cloud-spark.svg	asset	binary or font asset, not executable logic
public/af_icons/artificial_intelligence/ai-edit-spark.svg	asset	binary or font asset, not executable logic
public/af_icons/artificial_intelligence/ai-email-generator-spark.svg	asset	binary or font asset, not executable logic
public/af_icons/artificial_intelligence/ai-gaming-spark.svg	asset	binary or font asset, not executable logic
public/af_icons/artificial_intelligence/ai-generate-landscape-image-spark.svg	asset	binary or font asset, not executable logic
public/af_icons/artificial_intelligence/ai-generate-music-spark.svg	asset	binary or font asset, not executable logic
public/af_icons/artificial_intelligence/ai-generate-portrait-image-spark.svg	asset	binary or font asset, not executable logic
public/af_icons/artificial_intelligence/ai-generate-variation-spark.svg	asset	binary or font asset, not executable logic
public/af_icons/artificial_intelligence/ai-navigation-spark.svg	asset	binary or font asset, not executable logic
public/af_icons/artificial_intelligence/ai-network-spark.svg	asset	binary or font asset, not executable logic
public/af_icons/artificial_intelligence/ai-prompt-spark.svg	asset	binary or font asset, not executable logic
public/af_icons/artificial_intelligence/ai-redo-spark.svg	asset	binary or font asset, not executable logic
public/af_icons/artificial_intelligence/ai-science-spark.svg	asset	binary or font asset, not executable logic
public/af_icons/artificial_intelligence/ai-settings-spark.svg	asset	binary or font asset, not executable logic
public/af_icons/artificial_intelligence/ai-technology-spark.svg	asset	binary or font asset, not executable logic
public/af_icons/artificial_intelligence/ai-upscale-spark.svg	asset	binary or font asset, not executable logic
public/af_icons/artificial_intelligence/ai-vehicle-spark-1.svg	asset	binary or font asset, not executable logic
public/af_icons/artificial_intelligence/artificial-intelligence-spark.svg	asset	binary or font asset, not executable logic
public/af_icons/computer_devices/VPN-connection.svg	asset	binary or font asset, not executable logic
public/af_icons/computer_devices/adobe.svg	asset	binary or font asset, not executable logic
public/af_icons/computer_devices/alt.svg	asset	binary or font asset, not executable logic
public/af_icons/computer_devices/amazon.svg	asset	binary or font asset, not executable logic
public/af_icons/computer_devices/android.svg	asset	binary or font asset, not executable logic
public/af_icons/computer_devices/app-store.svg	asset	binary or font asset, not executable logic
public/af_icons/computer_devices/apple.svg	asset	binary or font asset, not executable logic
public/af_icons/computer_devices/asterisk-1.svg	asset	binary or font asset, not executable logic
public/af_icons/computer_devices/battery-alert-1.svg	asset	binary or font asset, not executable logic
public/af_icons/computer_devices/battery-charging.svg	asset	binary or font asset, not executable logic
public/af_icons/computer_devices/battery-empty-1.svg	asset	binary or font asset, not executable logic
public/af_icons/computer_devices/battery-empty-2.svg	asset	binary or font asset, not executable logic
public/af_icons/computer_devices/battery-full-1.svg	asset	binary or font asset, not executable logic
public/af_icons/computer_devices/battery-low-1.svg	asset	binary or font asset, not executable logic
public/af_icons/computer_devices/battery-medium-1.svg	asset	binary or font asset, not executable logic
public/af_icons/computer_devices/bluetooth-disabled.svg	asset	binary or font asset, not executable logic
public/af_icons/computer_devices/bluetooth-searching.svg	asset	binary or font asset, not executable logic
public/af_icons/computer_devices/bluetooth.svg	asset	binary or font asset, not executable logic
public/af_icons/computer_devices/browser-wifi.svg	asset	binary or font asset, not executable logic
public/af_icons/computer_devices/chrome.svg	asset	binary or font asset, not executable logic
public/af_icons/computer_devices/command.svg	asset	binary or font asset, not executable logic
public/af_icons/computer_devices/computer-chip-1.svg	asset	binary or font asset, not executable logic
public/af_icons/computer_devices/computer-chip-2.svg	asset	binary or font asset, not executable logic
public/af_icons/computer_devices/computer-pc-desktop.svg	asset	binary or font asset, not executable logic
public/af_icons/computer_devices/controller-1.svg	asset	binary or font asset, not executable logic
public/af_icons/computer_devices/controller-wireless.svg	asset	binary or font asset, not executable logic
public/af_icons/computer_devices/controller.svg	asset	binary or font asset, not executable logic
public/af_icons/computer_devices/cursor-click.svg	asset	binary or font asset, not executable logic
public/af_icons/computer_devices/cyborg-2.svg	asset	binary or font asset, not executable logic
public/af_icons/computer_devices/cyborg.svg	asset	binary or font asset, not executable logic
public/af_icons/computer_devices/database-check.svg	asset	binary or font asset, not executable logic
public/af_icons/computer_devices/database-lock.svg	asset	binary or font asset, not executable logic
public/af_icons/computer_devices/database-refresh.svg	asset	binary or font asset, not executable logic
public/af_icons/computer_devices/database-remove.svg	asset	binary or font asset, not executable logic
public/af_icons/computer_devices/database-server-1.svg	asset	binary or font asset, not executable logic
public/af_icons/computer_devices/database-server-2.svg	asset	binary or font asset, not executable logic
public/af_icons/computer_devices/database-setting.svg	asset	binary or font asset, not executable logic
public/af_icons/computer_devices/database-subtract-2-raid-storage-code-disk-programming-database-array-hard-disc-minus.svg	asset	binary or font asset, not executable logic
public/af_icons/computer_devices/database.svg	asset	binary or font asset, not executable logic
public/af_icons/computer_devices/delete-keyboard.svg	asset	binary or font asset, not executable logic
public/af_icons/computer_devices/desktop-chat.svg	asset	binary or font asset, not executable logic
public/af_icons/computer_devices/desktop-check.svg	asset	binary or font asset, not executable logic
public/af_icons/computer_devices/desktop-code.svg	asset	binary or font asset, not executable logic
public/af_icons/computer_devices/desktop-delete.svg	asset	binary or font asset, not executable logic
public/af_icons/computer_devices/desktop-dollar.svg	asset	binary or font asset, not executable logic
public/af_icons/computer_devices/desktop-emoji.svg	asset	binary or font asset, not executable logic
public/af_icons/computer_devices/desktop-favorite-star.svg	asset	binary or font asset, not executable logic
public/af_icons/computer_devices/desktop-game.svg	asset	binary or font asset, not executable logic
public/af_icons/computer_devices/desktop-help.svg	asset	binary or font asset, not executable logic
public/af_icons/computer_devices/device-database-encryption-1.svg	asset	binary or font asset, not executable logic
public/af_icons/computer_devices/discord.svg	asset	binary or font asset, not executable logic
public/af_icons/computer_devices/drone.svg	asset	binary or font asset, not executable logic
public/af_icons/computer_devices/dropbox.svg	asset	binary or font asset, not executable logic
public/af_icons/computer_devices/eject.svg	asset	binary or font asset, not executable logic
public/af_icons/computer_devices/electric-cord-1.svg	asset	binary or font asset, not executable logic
public/af_icons/computer_devices/electric-cord-3.svg	asset	binary or font asset, not executable logic
public/af_icons/computer_devices/facebook-1.svg	asset	binary or font asset, not executable logic
public/af_icons/computer_devices/figma.svg	asset	binary or font asset, not executable logic
public/af_icons/computer_devices/floppy-disk.svg	asset	binary or font asset, not executable logic
public/af_icons/computer_devices/gmail.svg	asset	binary or font asset, not executable logic
public/af_icons/computer_devices/google-drive.svg	asset	binary or font asset, not executable logic
public/af_icons/computer_devices/google.svg	asset	binary or font asset, not executable logic
public/af_icons/computer_devices/hand-held-tablet-drawing.svg	asset	binary or font asset, not executable logic
public/af_icons/computer_devices/hand-held-tablet-writing.svg	asset	binary or font asset, not executable logic
public/af_icons/computer_devices/hand-held.svg	asset	binary or font asset, not executable logic
public/af_icons/computer_devices/hard-disk.svg	asset	binary or font asset, not executable logic
public/af_icons/computer_devices/hard-drive-1.svg	asset	binary or font asset, not executable logic
public/af_icons/computer_devices/instagram.svg	asset	binary or font asset, not executable logic
public/af_icons/computer_devices/keyboard-virtual.svg	asset	binary or font asset, not executable logic
public/af_icons/computer_devices/keyboard-wireless-2.svg	asset	binary or font asset, not executable logic
public/af_icons/computer_devices/keyboard.svg	asset	binary or font asset, not executable logic
public/af_icons/computer_devices/laptop-charging.svg	asset	binary or font asset, not executable logic
public/af_icons/computer_devices/linkedin.svg	asset	binary or font asset, not executable logic
public/af_icons/computer_devices/local-storage-folder.svg	asset	binary or font asset, not executable logic
public/af_icons/computer_devices/meta.svg	asset	binary or font asset, not executable logic
public/af_icons/computer_devices/mouse-wireless-1.svg	asset	binary or font asset, not executable logic
public/af_icons/computer_devices/mouse-wireless.svg	asset	binary or font asset, not executable logic
public/af_icons/computer_devices/mouse.svg	asset	binary or font asset, not executable logic
public/af_icons/computer_devices/netflix.svg	asset	binary or font asset, not executable logic
public/af_icons/computer_devices/network.svg	asset	binary or font asset, not executable logic
public/af_icons/computer_devices/next.svg	asset	binary or font asset, not executable logic
public/af_icons/computer_devices/paypal.svg	asset	binary or font asset, not executable logic
public/af_icons/computer_devices/play-store.svg	asset	binary or font asset, not executable logic
public/af_icons/computer_devices/printer.svg	asset	binary or font asset, not executable logic
public/af_icons/computer_devices/return-2.svg	asset	binary or font asset, not executable logic
public/af_icons/computer_devices/screen-1.svg	asset	binary or font asset, not executable logic
public/af_icons/computer_devices/screen-2.svg	asset	binary or font asset, not executable logic
public/af_icons/computer_devices/screen-curve.svg	asset	binary or font asset, not executable logic
public/af_icons/computer_devices/screensaver-monitor-wallpaper.svg	asset	binary or font asset, not executable logic
public/af_icons/computer_devices/shift.svg	asset	binary or font asset, not executable logic
public/af_icons/computer_devices/shredder.svg	asset	binary or font asset, not executable logic
public/af_icons/computer_devices/signal-loading.svg	asset	binary or font asset, not executable logic
public/af_icons/computer_devices/slack.svg	asset	binary or font asset, not executable logic
public/af_icons/computer_devices/spotify.svg	asset	binary or font asset, not executable logic
public/af_icons/computer_devices/telegram.svg	asset	binary or font asset, not executable logic
public/af_icons/computer_devices/tiktok.svg	asset	binary or font asset, not executable logic
public/af_icons/computer_devices/tinder.svg	asset	binary or font asset, not executable logic
public/af_icons/computer_devices/twitter.svg	asset	binary or font asset, not executable logic
public/af_icons/computer_devices/usb-drive.svg	asset	binary or font asset, not executable logic
public/af_icons/computer_devices/virtual-reality.svg	asset	binary or font asset, not executable logic
public/af_icons/computer_devices/voice-mail-off.svg	asset	binary or font asset, not executable logic
public/af_icons/computer_devices/voice-mail.svg	asset	binary or font asset, not executable logic
public/af_icons/computer_devices/watch-1.svg	asset	binary or font asset, not executable logic
public/af_icons/computer_devices/watch-2.svg	asset	binary or font asset, not executable logic
public/af_icons/computer_devices/watch-circle-charging.svg	asset	binary or font asset, not executable logic
public/af_icons/computer_devices/watch-circle-heartbeat-monitor-1.svg	asset	binary or font asset, not executable logic
public/af_icons/computer_devices/watch-circle-heartbeat-monitor-2.svg	asset	binary or font asset, not executable logic
public/af_icons/computer_devices/watch-circle-menu.svg	asset	binary or font asset, not executable logic
public/af_icons/computer_devices/watch-circle-time.svg	asset	binary or font asset, not executable logic
public/af_icons/computer_devices/webcam-video-circle.svg	asset	binary or font asset, not executable logic
public/af_icons/computer_devices/webcam-video-off.svg	asset	binary or font asset, not executable logic
public/af_icons/computer_devices/webcam-video.svg	asset	binary or font asset, not executable logic
public/af_icons/computer_devices/webcam.svg	asset	binary or font asset, not executable logic
public/af_icons/computer_devices/whatsapp.svg	asset	binary or font asset, not executable logic
public/af_icons/computer_devices/wifi-antenna.svg	asset	binary or font asset, not executable logic
public/af_icons/computer_devices/wifi-disabled.svg	asset	binary or font asset, not executable logic
public/af_icons/computer_devices/wifi-horizontal.svg	asset	binary or font asset, not executable logic
public/af_icons/computer_devices/wifi-router.svg	asset	binary or font asset, not executable logic
public/af_icons/computer_devices/wifi.svg	asset	binary or font asset, not executable logic
public/af_icons/computer_devices/windows.svg	asset	binary or font asset, not executable logic
public/af_icons/culture/christian-cross-1.svg	asset	binary or font asset, not executable logic
public/af_icons/culture/christian-cross-2.svg	asset	binary or font asset, not executable logic
public/af_icons/culture/christianity.svg	asset	binary or font asset, not executable logic
public/af_icons/culture/dhammajak.svg	asset	binary or font asset, not executable logic
public/af_icons/culture/hexagram.svg	asset	binary or font asset, not executable logic
public/af_icons/culture/hinduism.svg	asset	binary or font asset, not executable logic
public/af_icons/culture/islam.svg	asset	binary or font asset, not executable logic
public/af_icons/culture/news-paper.svg	asset	binary or font asset, not executable logic
public/af_icons/culture/peace-symbol.svg	asset	binary or font asset, not executable logic
public/af_icons/culture/politics-compaign.svg	asset	binary or font asset, not executable logic
public/af_icons/culture/politics-speech.svg	asset	binary or font asset, not executable logic
public/af_icons/culture/politics-vote-2.svg	asset	binary or font asset, not executable logic
public/af_icons/culture/ticket-1.svg	asset	binary or font asset, not executable logic
public/af_icons/culture/tickets.svg	asset	binary or font asset, not executable logic
public/af_icons/culture/yin-yang-symbol.svg	asset	binary or font asset, not executable logic
public/af_icons/culture/zodiac-1.svg	asset	binary or font asset, not executable logic
public/af_icons/culture/zodiac-10.svg	asset	binary or font asset, not executable logic
public/af_icons/culture/zodiac-11.svg	asset	binary or font asset, not executable logic
public/af_icons/culture/zodiac-12.svg	asset	binary or font asset, not executable logic
public/af_icons/culture/zodiac-2.svg	asset	binary or font asset, not executable logic
public/af_icons/culture/zodiac-3.svg	asset	binary or font asset, not executable logic
public/af_icons/culture/zodiac-4.svg	asset	binary or font asset, not executable logic
public/af_icons/culture/zodiac-5.svg	asset	binary or font asset, not executable logic
public/af_icons/culture/zodiac-6.svg	asset	binary or font asset, not executable logic
public/af_icons/culture/zodiac-7.svg	asset	binary or font asset, not executable logic
public/af_icons/culture/zodiac-8.svg	asset	binary or font asset, not executable logic
public/af_icons/culture/zodiac-9.svg	asset	binary or font asset, not executable logic
public/af_icons/entertainment/balloon.svg	asset	binary or font asset, not executable logic
public/af_icons/entertainment/bow.svg	asset	binary or font asset, not executable logic
public/af_icons/entertainment/button-fast-forward-1.svg	asset	binary or font asset, not executable logic
public/af_icons/entertainment/button-fast-forward-2.svg	asset	binary or font asset, not executable logic
public/af_icons/entertainment/button-next.svg	asset	binary or font asset, not executable logic
public/af_icons/entertainment/button-pause-2.svg	asset	binary or font asset, not executable logic
public/af_icons/entertainment/button-play.svg	asset	binary or font asset, not executable logic
public/af_icons/entertainment/button-power-1.svg	asset	binary or font asset, not executable logic
public/af_icons/entertainment/button-previous.svg	asset	binary or font asset, not executable logic
public/af_icons/entertainment/button-record-3.svg	asset	binary or font asset, not executable logic
public/af_icons/entertainment/button-rewind-1.svg	asset	binary or font asset, not executable logic
public/af_icons/entertainment/button-rewind-2.svg	asset	binary or font asset, not executable logic
public/af_icons/entertainment/button-stop.svg	asset	binary or font asset, not executable logic
public/af_icons/entertainment/camera-video.svg	asset	binary or font asset, not executable logic
public/af_icons/entertainment/cards.svg	asset	binary or font asset, not executable logic
public/af_icons/entertainment/chess-bishop.svg	asset	binary or font asset, not executable logic
public/af_icons/entertainment/chess-king.svg	asset	binary or font asset, not executable logic
public/af_icons/entertainment/chess-knight.svg	asset	binary or font asset, not executable logic
public/af_icons/entertainment/chess-pawn.svg	asset	binary or font asset, not executable logic
public/af_icons/entertainment/cloud-gaming-1.svg	asset	binary or font asset, not executable logic
public/af_icons/entertainment/clubs-symbol.svg	asset	binary or font asset, not executable logic
public/af_icons/entertainment/diamonds-symbol.svg	asset	binary or font asset, not executable logic
public/af_icons/entertainment/dice-1.svg	asset	binary or font asset, not executable logic
public/af_icons/entertainment/dice-2.svg	asset	binary or font asset, not executable logic
public/af_icons/entertainment/dice-3.svg	asset	binary or font asset, not executable logic
public/af_icons/entertainment/dice-4.svg	asset	binary or font asset, not executable logic
public/af_icons/entertainment/dice-5.svg	asset	binary or font asset, not executable logic
public/af_icons/entertainment/dice-6.svg	asset	binary or font asset, not executable logic
public/af_icons/entertainment/dices-entertainment-gaming-dices.svg	asset	binary or font asset, not executable logic
public/af_icons/entertainment/earpods.svg	asset	binary or font asset, not executable logic
public/af_icons/entertainment/epic-games-1.svg	asset	binary or font asset, not executable logic
public/af_icons/entertainment/esports.svg	asset	binary or font asset, not executable logic
public/af_icons/entertainment/fireworks-rocket.svg	asset	binary or font asset, not executable logic
public/af_icons/entertainment/gameboy.svg	asset	binary or font asset, not executable logic
public/af_icons/entertainment/gramophone.svg	asset	binary or font asset, not executable logic
public/af_icons/entertainment/hearts-symbol.svg	asset	binary or font asset, not executable logic
public/af_icons/entertainment/music-equalizer.svg	asset	binary or font asset, not executable logic
public/af_icons/entertainment/music-note-1.svg	asset	binary or font asset, not executable logic
public/af_icons/entertainment/music-note-2.svg	asset	binary or font asset, not executable logic
public/af_icons/entertainment/music-note-off-1.svg	asset	binary or font asset, not executable logic
public/af_icons/entertainment/music-note-off-2.svg	asset	binary or font asset, not executable logic
public/af_icons/entertainment/nintendo-switch.svg	asset	binary or font asset, not executable logic
public/af_icons/entertainment/one-vesus-one.svg	asset	binary or font asset, not executable logic
public/af_icons/entertainment/pacman.svg	asset	binary or font asset, not executable logic
public/af_icons/entertainment/party-popper.svg	asset	binary or font asset, not executable logic
public/af_icons/entertainment/play-list-4.svg	asset	binary or font asset, not executable logic
public/af_icons/entertainment/play-list-5.svg	asset	binary or font asset, not executable logic
public/af_icons/entertainment/play-list-8.svg	asset	binary or font asset, not executable logic
public/af_icons/entertainment/play-list-9.svg	asset	binary or font asset, not executable logic
public/af_icons/entertainment/play-list-folder.svg	asset	binary or font asset, not executable logic
public/af_icons/entertainment/play-station.svg	asset	binary or font asset, not executable logic
public/af_icons/entertainment/radio.svg	asset	binary or font asset, not executable logic
public/af_icons/entertainment/recording-tape-bubble-circle.svg	asset	binary or font asset, not executable logic
public/af_icons/entertainment/recording-tape-bubble-square.svg	asset	binary or font asset, not executable logic
public/af_icons/entertainment/song-recommendation.svg	asset	binary or font asset, not executable logic
public/af_icons/entertainment/spades-symbol.svg	asset	binary or font asset, not executable logic
public/af_icons/entertainment/speaker-1.svg	asset	binary or font asset, not executable logic
public/af_icons/entertainment/speaker-2.svg	asset	binary or font asset, not executable logic
public/af_icons/entertainment/stream.svg	asset	binary or font asset, not executable logic
public/af_icons/entertainment/tape-cassette-record.svg	asset	binary or font asset, not executable logic
public/af_icons/entertainment/volume-down.svg	asset	binary or font asset, not executable logic
public/af_icons/entertainment/volume-level-high.svg	asset	binary or font asset, not executable logic
public/af_icons/entertainment/volume-level-low.svg	asset	binary or font asset, not executable logic
public/af_icons/entertainment/volume-level-off.svg	asset	binary or font asset, not executable logic
public/af_icons/entertainment/volume-mute.svg	asset	binary or font asset, not executable logic
public/af_icons/entertainment/volume-off.svg	asset	binary or font asset, not executable logic
public/af_icons/entertainment/vr-headset-1.svg	asset	binary or font asset, not executable logic
public/af_icons/entertainment/vr-headset-2.svg	asset	binary or font asset, not executable logic
public/af_icons/entertainment/xbox.svg	asset	binary or font asset, not executable logic
public/af_icons/food_drink/beer-mug.svg	asset	binary or font asset, not executable logic
public/af_icons/food_drink/beer-pitch.svg	asset	binary or font asset, not executable logic
public/af_icons/food_drink/burger.svg	asset	binary or font asset, not executable logic
public/af_icons/food_drink/burrito-fastfood.svg	asset	binary or font asset, not executable logic
public/af_icons/food_drink/cake-slice.svg	asset	binary or font asset, not executable logic
public/af_icons/food_drink/candy-cane.svg	asset	binary or font asset, not executable logic
public/af_icons/food_drink/champagne-party-alcohol.svg	asset	binary or font asset, not executable logic
public/af_icons/food_drink/cheese.svg	asset	binary or font asset, not executable logic
public/af_icons/food_drink/cherries.svg	asset	binary or font asset, not executable logic
public/af_icons/food_drink/chicken-grilled-stream.svg	asset	binary or font asset, not executable logic
public/af_icons/food_drink/cocktail.svg	asset	binary or font asset, not executable logic
public/af_icons/food_drink/coffee-bean.svg	asset	binary or font asset, not executable logic
public/af_icons/food_drink/coffee-mug.svg	asset	binary or font asset, not executable logic
public/af_icons/food_drink/coffee-takeaway-cup.svg	asset	binary or font asset, not executable logic
public/af_icons/food_drink/donut.svg	asset	binary or font asset, not executable logic
public/af_icons/food_drink/fork-knife.svg	asset	binary or font asset, not executable logic
public/af_icons/food_drink/fork-spoon.svg	asset	binary or font asset, not executable logic
public/af_icons/food_drink/ice-cream-2.svg	asset	binary or font asset, not executable logic
public/af_icons/food_drink/ice-cream-3.svg	asset	binary or font asset, not executable logic
public/af_icons/food_drink/lemon-fruit-seasoning.svg	asset	binary or font asset, not executable logic
public/af_icons/food_drink/microwave.svg	asset	binary or font asset, not executable logic
public/af_icons/food_drink/milkshake.svg	asset	binary or font asset, not executable logic
public/af_icons/food_drink/popcorn.svg	asset	binary or font asset, not executable logic
public/af_icons/food_drink/pork-meat.svg	asset	binary or font asset, not executable logic
public/af_icons/food_drink/refrigerator.svg	asset	binary or font asset, not executable logic
public/af_icons/food_drink/serving-dome.svg	asset	binary or font asset, not executable logic
public/af_icons/food_drink/shrimp.svg	asset	binary or font asset, not executable logic
public/af_icons/food_drink/strawberry.svg	asset	binary or font asset, not executable logic
public/af_icons/food_drink/tea-cup.svg	asset	binary or font asset, not executable logic
public/af_icons/food_drink/toast.svg	asset	binary or font asset, not executable logic
public/af_icons/food_drink/water-glass.svg	asset	binary or font asset, not executable logic
public/af_icons/food_drink/wine.svg	asset	binary or font asset, not executable logic
public/af_icons/health/ambulance.svg	asset	binary or font asset, not executable logic
public/af_icons/health/bacteria-virus-cells-biology.svg	asset	binary or font asset, not executable logic
public/af_icons/health/bandage.svg	asset	binary or font asset, not executable logic
public/af_icons/health/blood-bag-donation.svg	asset	binary or font asset, not executable logic
public/af_icons/health/blood-donate-drop.svg	asset	binary or font asset, not executable logic
public/af_icons/health/blood-drop-donation.svg	asset	binary or font asset, not executable logic
public/af_icons/health/brain-cognitive.svg	asset	binary or font asset, not executable logic
public/af_icons/health/brain.svg	asset	binary or font asset, not executable logic
public/af_icons/health/call-center-support-service.svg	asset	binary or font asset, not executable logic
public/af_icons/health/checkup-medical-report-clipboard.svg	asset	binary or font asset, not executable logic
public/af_icons/health/ear-hearing.svg	asset	binary or font asset, not executable logic
public/af_icons/health/eye-optic.svg	asset	binary or font asset, not executable logic
public/af_icons/health/flu-mask.svg	asset	binary or font asset, not executable logic
public/af_icons/health/health-care-2.svg	asset	binary or font asset, not executable logic
public/af_icons/health/heart-rate-pulse-graph.svg	asset	binary or font asset, not executable logic
public/af_icons/health/heart-rate-search.svg	asset	binary or font asset, not executable logic
public/af_icons/health/hospital-sign-circle.svg	asset	binary or font asset, not executable logic
public/af_icons/health/hospital-sign-square.svg	asset	binary or font asset, not executable logic
public/af_icons/health/insurance-hand.svg	asset	binary or font asset, not executable logic
public/af_icons/health/medical-bag.svg	asset	binary or font asset, not executable logic
public/af_icons/health/medical-cross-sign-healthcare.svg	asset	binary or font asset, not executable logic
public/af_icons/health/medical-cross-symbol.svg	asset	binary or font asset, not executable logic
public/af_icons/health/medical-files-report-history.svg	asset	binary or font asset, not executable logic
public/af_icons/health/medical-ribbon-1.svg	asset	binary or font asset, not executable logic
public/af_icons/health/medical-search-diagnosis.svg	asset	binary or font asset, not executable logic
public/af_icons/health/microscope-observation-sciene.svg	asset	binary or font asset, not executable logic
public/af_icons/health/nurse-assistant-emergency.svg	asset	binary or font asset, not executable logic
public/af_icons/health/nurse-hat.svg	asset	binary or font asset, not executable logic
public/af_icons/health/online-medical-call-service.svg	asset	binary or font asset, not executable logic
public/af_icons/health/online-medical-service-monitor.svg	asset	binary or font asset, not executable logic
public/af_icons/health/online-medical-web-service.svg	asset	binary or font asset, not executable logic
public/af_icons/health/petri-dish-lab-equipment.svg	asset	binary or font asset, not executable logic
public/af_icons/health/pharmacy.svg	asset	binary or font asset, not executable logic
public/af_icons/health/prescription-pills-drugs-healthcare.svg	asset	binary or font asset, not executable logic
public/af_icons/health/sign-cross-square.svg	asset	binary or font asset, not executable logic
public/af_icons/health/sos-help-emergency-sign.svg	asset	binary or font asset, not executable logic
public/af_icons/health/stethoscope.svg	asset	binary or font asset, not executable logic
public/af_icons/health/syringe.svg	asset	binary or font asset, not executable logic
public/af_icons/health/tablet-capsule.svg	asset	binary or font asset, not executable logic
public/af_icons/health/tooth.svg	asset	binary or font asset, not executable logic
public/af_icons/health/virus-antivirus.svg	asset	binary or font asset, not executable logic
public/af_icons/health/waiting-appointments-calendar.svg	asset	binary or font asset, not executable logic
public/af_icons/health/wheelchair.svg	asset	binary or font asset, not executable logic
public/af_icons/icons.json	reviewed	batch 299 last-line length matched; model not tool-verified grok
public/af_icons/images_photography/auto-flash.svg	asset	binary or font asset, not executable logic
public/af_icons/images_photography/camera-1.svg	asset	binary or font asset, not executable logic
public/af_icons/images_photography/camera-disabled.svg	asset	binary or font asset, not executable logic
public/af_icons/images_photography/camera-loading.svg	asset	binary or font asset, not executable logic
public/af_icons/images_photography/camera-square.svg	asset	binary or font asset, not executable logic
public/af_icons/images_photography/composition-oval.svg	asset	binary or font asset, not executable logic
public/af_icons/images_photography/composition-vertical.svg	asset	binary or font asset, not executable logic
public/af_icons/images_photography/compsition-horizontal.svg	asset	binary or font asset, not executable logic
public/af_icons/images_photography/edit-image-photo.svg	asset	binary or font asset, not executable logic
public/af_icons/images_photography/film-roll-1.svg	asset	binary or font asset, not executable logic
public/af_icons/images_photography/film-slate.svg	asset	binary or font asset, not executable logic
public/af_icons/images_photography/flash-1.svg	asset	binary or font asset, not executable logic
public/af_icons/images_photography/flash-2.svg	asset	binary or font asset, not executable logic
public/af_icons/images_photography/flash-3.svg	asset	binary or font asset, not executable logic
public/af_icons/images_photography/flash-off.svg	asset	binary or font asset, not executable logic
public/af_icons/images_photography/flower.svg	asset	binary or font asset, not executable logic
public/af_icons/images_photography/focus-points.svg	asset	binary or font asset, not executable logic
public/af_icons/images_photography/landscape-2.svg	asset	binary or font asset, not executable logic
public/af_icons/images_photography/landscape-setting.svg	asset	binary or font asset, not executable logic
public/af_icons/images_photography/laptop-camera.svg	asset	binary or font asset, not executable logic
public/af_icons/images_photography/mobile-phone-camera.svg	asset	binary or font asset, not executable logic
public/af_icons/images_photography/orientation-landscape.svg	asset	binary or font asset, not executable logic
public/af_icons/images_photography/orientation-portrait.svg	asset	binary or font asset, not executable logic
public/af_icons/images_photography/polaroid-four.svg	asset	binary or font asset, not executable logic
public/af_icons/interface_essential/add-1.svg	asset	binary or font asset, not executable logic
public/af_icons/interface_essential/add-bell-notification.svg	asset	binary or font asset, not executable logic
public/af_icons/interface_essential/add-circle.svg	asset	binary or font asset, not executable logic
public/af_icons/interface_essential/add-layer-2.svg	asset	binary or font asset, not executable logic
public/af_icons/interface_essential/add-square.svg	asset	binary or font asset, not executable logic
public/af_icons/interface_essential/alarm-clock.svg	asset	binary or font asset, not executable logic
public/af_icons/interface_essential/align-back-1.svg	asset	binary or font asset, not executable logic
public/af_icons/interface_essential/align-center.svg	asset	binary or font asset, not executable logic
public/af_icons/interface_essential/align-front-1.svg	asset	binary or font asset, not executable logic
public/af_icons/interface_essential/align-left.svg	asset	binary or font asset, not executable logic
public/af_icons/interface_essential/align-right.svg	asset	binary or font asset, not executable logic
public/af_icons/interface_essential/ampersand.svg	asset	binary or font asset, not executable logic
public/af_icons/interface_essential/archive-box.svg	asset	binary or font asset, not executable logic
public/af_icons/interface_essential/arrow-bend-left-down-2.svg	asset	binary or font asset, not executable logic
public/af_icons/interface_essential/arrow-bend-right-down-2.svg	asset	binary or font asset, not executable logic
public/af_icons/interface_essential/arrow-crossover-down.svg	asset	binary or font asset, not executable logic
public/af_icons/interface_essential/arrow-crossover-left.svg	asset	binary or font asset, not executable logic
public/af_icons/interface_essential/arrow-crossover-right.svg	asset	binary or font asset, not executable logic
public/af_icons/interface_essential/arrow-crossover-up.svg	asset	binary or font asset, not executable logic
public/af_icons/interface_essential/arrow-cursor-1.svg	asset	binary or font asset, not executable logic
public/af_icons/interface_essential/arrow-cursor-2.svg	asset	binary or font asset, not executable logic
public/af_icons/interface_essential/arrow-curvy-up-down-1.svg	asset	binary or font asset, not executable logic
public/af_icons/interface_essential/arrow-curvy-up-down-2.svg	asset	binary or font asset, not executable logic
public/af_icons/interface_essential/arrow-down-2.svg	asset	binary or font asset, not executable logic
public/af_icons/interface_essential/arrow-down-dashed-square.svg	asset	binary or font asset, not executable logic
public/af_icons/interface_essential/arrow-expand.svg	asset	binary or font asset, not executable logic
public/af_icons/interface_essential/arrow-infinite-loop.svg	asset	binary or font asset, not executable logic
public/af_icons/interface_essential/arrow-move.svg	asset	binary or font asset, not executable logic
public/af_icons/interface_essential/arrow-reload-horizontal-1.svg	asset	binary or font asset, not executable logic
public/af_icons/interface_essential/arrow-reload-horizontal-2.svg	asset	binary or font asset, not executable logic
public/af_icons/interface_essential/arrow-reload-vertical-1.svg	asset	binary or font asset, not executable logic
public/af_icons/interface_essential/arrow-reload-vertical-2.svg	asset	binary or font asset, not executable logic
public/af_icons/interface_essential/arrow-roadmap.svg	asset	binary or font asset, not executable logic
public/af_icons/interface_essential/arrow-round-left.svg	asset	binary or font asset, not executable logic
public/af_icons/interface_essential/arrow-round-right.svg	asset	binary or font asset, not executable logic
public/af_icons/interface_essential/arrow-shrink-diagonal-1.svg	asset	binary or font asset, not executable logic
public/af_icons/interface_essential/arrow-shrink-diagonal-2.svg	asset	binary or font asset, not executable logic
public/af_icons/interface_essential/arrow-shrink.svg	asset	binary or font asset, not executable logic
public/af_icons/interface_essential/arrow-transfer-diagonal-1.svg	asset	binary or font asset, not executable logic
public/af_icons/interface_essential/arrow-transfer-diagonal-2.svg	asset	binary or font asset, not executable logic
public/af_icons/interface_essential/arrow-transfer-diagonal-3.svg	asset	binary or font asset, not executable logic
public/af_icons/interface_essential/arrow-up-1.svg	asset	binary or font asset, not executable logic
public/af_icons/interface_essential/arrow-up-dashed-square.svg	asset	binary or font asset, not executable logic
public/af_icons/interface_essential/ascending-number-order.svg	asset	binary or font asset, not executable logic
public/af_icons/interface_essential/attribution.svg	asset	binary or font asset, not executable logic
public/af_icons/interface_essential/blank-calendar.svg	asset	binary or font asset, not executable logic
public/af_icons/interface_essential/blank-notepad.svg	asset	binary or font asset, not executable logic
public/af_icons/interface_essential/block-bell-notification.svg	asset	binary or font asset, not executable logic
public/af_icons/interface_essential/bomb.svg	asset	binary or font asset, not executable logic
public/af_icons/interface_essential/bookmark.svg	asset	binary or font asset, not executable logic
public/af_icons/interface_essential/braces-circle.svg	asset	binary or font asset, not executable logic
public/af_icons/interface_essential/brightness-1.svg	asset	binary or font asset, not executable logic
public/af_icons/interface_essential/brightness-2.svg	asset	binary or font asset, not executable logic
public/af_icons/interface_essential/brightness-3.svg	asset	binary or font asset, not executable logic
public/af_icons/interface_essential/broken-link-2.svg	asset	binary or font asset, not executable logic
public/af_icons/interface_essential/bullet-list.svg	asset	binary or font asset, not executable logic
public/af_icons/interface_essential/calendar-add.svg	asset	binary or font asset, not executable logic
public/af_icons/interface_essential/calendar-edit.svg	asset	binary or font asset, not executable logic
public/af_icons/interface_essential/calendar-jump-to-date.svg	asset	binary or font asset, not executable logic
public/af_icons/interface_essential/calendar-star.svg	asset	binary or font asset, not executable logic
public/af_icons/interface_essential/celsius.svg	asset	binary or font asset, not executable logic
public/af_icons/interface_essential/check-square.svg	asset	binary or font asset, not executable logic
public/af_icons/interface_essential/check.svg	asset	binary or font asset, not executable logic
public/af_icons/interface_essential/circle-clock.svg	asset	binary or font asset, not executable logic
public/af_icons/interface_essential/circle.svg	asset	binary or font asset, not executable logic
public/af_icons/interface_essential/clipboard-add.svg	asset	binary or font asset, not executable logic
public/af_icons/interface_essential/clipboard-check.svg	asset	binary or font asset, not executable logic
public/af_icons/interface_essential/clipboard-remove.svg	asset	binary or font asset, not executable logic
public/af_icons/interface_essential/cloud.svg	asset	binary or font asset, not executable logic
public/af_icons/interface_essential/cog.svg	asset	binary or font asset, not executable logic
public/af_icons/interface_essential/color-palette.svg	asset	binary or font asset, not executable logic
public/af_icons/interface_essential/color-picker.svg	asset	binary or font asset, not executable logic
public/af_icons/interface_essential/color-swatches.svg	asset	binary or font asset, not executable logic
public/af_icons/interface_essential/cone-shape.svg	asset	binary or font asset, not executable logic
public/af_icons/interface_essential/convert-PDF-2.svg	asset	binary or font asset, not executable logic
public/af_icons/interface_essential/copy-paste.svg	asset	binary or font asset, not executable logic
public/af_icons/interface_essential/creative-commons.svg	asset	binary or font asset, not executable logic
public/af_icons/interface_essential/crop-selection.svg	asset	binary or font asset, not executable logic
public/af_icons/interface_essential/crown.svg	asset	binary or font asset, not executable logic
public/af_icons/interface_essential/customer-support-1.svg	asset	binary or font asset, not executable logic
public/af_icons/interface_essential/cut.svg	asset	binary or font asset, not executable logic
public/af_icons/interface_essential/dark-dislay-mode.svg	asset	binary or font asset, not executable logic
public/af_icons/interface_essential/dashboard-3.svg	asset	binary or font asset, not executable logic
public/af_icons/interface_essential/dashboard-circle.svg	asset	binary or font asset, not executable logic
public/af_icons/interface_essential/delete-1.svg	asset	binary or font asset, not executable logic
public/af_icons/interface_essential/descending-number-order.svg	asset	binary or font asset, not executable logic
public/af_icons/interface_essential/disable-bell-notification.svg	asset	binary or font asset, not executable logic
public/af_icons/interface_essential/disable-heart.svg	asset	binary or font asset, not executable logic
public/af_icons/interface_essential/division-circle.svg	asset	binary or font asset, not executable logic
public/af_icons/interface_essential/download-box-1.svg	asset	binary or font asset, not executable logic
public/af_icons/interface_essential/download-circle.svg	asset	binary or font asset, not executable logic
public/af_icons/interface_essential/download-computer.svg	asset	binary or font asset, not executable logic
public/af_icons/interface_essential/download-file.svg	asset	binary or font asset, not executable logic
public/af_icons/interface_essential/empty-clipboard.svg	asset	binary or font asset, not executable logic
public/af_icons/interface_essential/equal-sign.svg	asset	binary or font asset, not executable logic
public/af_icons/interface_essential/expand-horizontal-1.svg	asset	binary or font asset, not executable logic
public/af_icons/interface_essential/expand-window-2.svg	asset	binary or font asset, not executable logic
public/af_icons/interface_essential/expand.svg	asset	binary or font asset, not executable logic
public/af_icons/interface_essential/face-scan-1.svg	asset	binary or font asset, not executable logic
public/af_icons/interface_essential/factorial.svg	asset	binary or font asset, not executable logic
public/af_icons/interface_essential/fahrenheit.svg	asset	binary or font asset, not executable logic
public/af_icons/interface_essential/fastforward-clock.svg	asset	binary or font asset, not executable logic
public/af_icons/interface_essential/file-add-alternate.svg	asset	binary or font asset, not executable logic
public/af_icons/interface_essential/file-delete-alternate.svg	asset	binary or font asset, not executable logic
public/af_icons/interface_essential/file-remove-alternate.svg	asset	binary or font asset, not executable logic
public/af_icons/interface_essential/filter-2.svg	asset	binary or font asset, not executable logic
public/af_icons/interface_essential/fingerprint-1.svg	asset	binary or font asset, not executable logic
public/af_icons/interface_essential/fingerprint-2.svg	asset	binary or font asset, not executable logic
public/af_icons/interface_essential/fist.svg	asset	binary or font asset, not executable logic
public/af_icons/interface_essential/fit-to-height-square.svg	asset	binary or font asset, not executable logic
public/af_icons/interface_essential/flip-vertical-arrow-2.svg	asset	binary or font asset, not executable logic
public/af_icons/interface_essential/flip-vertical-circle-1.svg	asset	binary or font asset, not executable logic
public/af_icons/interface_essential/flip-vertical-square-2.svg	asset	binary or font asset, not executable logic
public/af_icons/interface_essential/folder-add.svg	asset	binary or font asset, not executable logic
public/af_icons/interface_essential/folder-check.svg	asset	binary or font asset, not executable logic
public/af_icons/interface_essential/folder-delete.svg	asset	binary or font asset, not executable logic
public/af_icons/interface_essential/front-camera.svg	asset	binary or font asset, not executable logic
public/af_icons/interface_essential/gif-format.svg	asset	binary or font asset, not executable logic
public/af_icons/interface_essential/give-gift.svg	asset	binary or font asset, not executable logic
public/af_icons/interface_essential/glasses.svg	asset	binary or font asset, not executable logic
public/af_icons/interface_essential/half-star-1.svg	asset	binary or font asset, not executable logic
public/af_icons/interface_essential/hand-cursor.svg	asset	binary or font asset, not executable logic
public/af_icons/interface_essential/hand-grab.svg	asset	binary or font asset, not executable logic
public/af_icons/interface_essential/heading-1-paragraph-styles-heading.svg	asset	binary or font asset, not executable logic
public/af_icons/interface_essential/heading-2-paragraph-styles-heading.svg	asset	binary or font asset, not executable logic
public/af_icons/interface_essential/heading-3-paragraph-styles-heading.svg	asset	binary or font asset, not executable logic
public/af_icons/interface_essential/heart.svg	asset	binary or font asset, not executable logic
public/af_icons/interface_essential/help-chat-2.svg	asset	binary or font asset, not executable logic
public/af_icons/interface_essential/help-question-1.svg	asset	binary or font asset, not executable logic
public/af_icons/interface_essential/hierarchy-10.svg	asset	binary or font asset, not executable logic
public/af_icons/interface_essential/hierarchy-13.svg	asset	binary or font asset, not executable logic
public/af_icons/interface_essential/hierarchy-14.svg	asset	binary or font asset, not executable logic
public/af_icons/interface_essential/hierarchy-2.svg	asset	binary or font asset, not executable logic
public/af_icons/interface_essential/hierarchy-4.svg	asset	binary or font asset, not executable logic
public/af_icons/interface_essential/hierarchy-7.svg	asset	binary or font asset, not executable logic
public/af_icons/interface_essential/home-3.svg	asset	binary or font asset, not executable logic
public/af_icons/interface_essential/home-4.svg	asset	binary or font asset, not executable logic
public/af_icons/interface_essential/horizontal-menu-circle.svg	asset	binary or font asset, not executable logic
public/af_icons/interface_essential/humidity-none.svg	asset	binary or font asset, not executable logic
public/af_icons/interface_essential/image-blur.svg	asset	binary or font asset, not executable logic
public/af_icons/interface_essential/image-saturation.svg	asset	binary or font asset, not executable logic
public/af_icons/interface_essential/information-circle.svg	asset	binary or font asset, not executable logic
public/af_icons/interface_essential/input-box.svg	asset	binary or font asset, not executable logic
public/af_icons/interface_essential/insert-side.svg	asset	binary or font asset, not executable logic
public/af_icons/interface_essential/insert-top-left.svg	asset	binary or font asset, not executable logic
public/af_icons/interface_essential/insert-top-right.svg	asset	binary or font asset, not executable logic
public/af_icons/interface_essential/invisible-1.svg	asset	binary or font asset, not executable logic
public/af_icons/interface_essential/invisible-2.svg	asset	binary or font asset, not executable logic
public/af_icons/interface_essential/jump-object.svg	asset	binary or font asset, not executable logic
public/af_icons/interface_essential/key.svg	asset	binary or font asset, not executable logic
public/af_icons/interface_essential/keyhole-lock-circle.svg	asset	binary or font asset, not executable logic
public/af_icons/interface_essential/lasso-tool.svg	asset	binary or font asset, not executable logic
public/af_icons/interface_essential/layers-1.svg	asset	binary or font asset, not executable logic
public/af_icons/interface_essential/layers-2.svg	asset	binary or font asset, not executable logic
public/af_icons/interface_essential/layout-window-1.svg	asset	binary or font asset, not executable logic
public/af_icons/interface_essential/layout-window-11.svg	asset	binary or font asset, not executable logic
public/af_icons/interface_essential/layout-window-2.svg	asset	binary or font asset, not executable logic
public/af_icons/interface_essential/layout-window-8.svg	asset	binary or font asset, not executable logic
public/af_icons/interface_essential/lightbulb.svg	asset	binary or font asset, not executable logic
public/af_icons/interface_essential/like-1.svg	asset	binary or font asset, not executable logic
public/af_icons/interface_essential/link-chain.svg	asset	binary or font asset, not executable logic
public/af_icons/interface_essential/live-video.svg	asset	binary or font asset, not executable logic
public/af_icons/interface_essential/lock-rotation.svg	asset	binary or font asset, not executable logic
public/af_icons/interface_essential/login-1.svg	asset	binary or font asset, not executable logic
public/af_icons/interface_essential/logout-1.svg	asset	binary or font asset, not executable logic
public/af_icons/interface_essential/loop-1.svg	asset	binary or font asset, not executable logic
public/af_icons/interface_essential/magic-wand-2.svg	asset	binary or font asset, not executable logic
public/af_icons/interface_essential/magnifying-glass-circle.svg	asset	binary or font asset, not executable logic
public/af_icons/interface_essential/magnifying-glass.svg	asset	binary or font asset, not executable logic
public/af_icons/interface_essential/manual-book.svg	asset	binary or font asset, not executable logic
public/af_icons/interface_essential/megaphone-2.svg	asset	binary or font asset, not executable logic
public/af_icons/interface_essential/minimize-window-2.svg	asset	binary or font asset, not executable logic
public/af_icons/interface_essential/moon-cloud.svg	asset	binary or font asset, not executable logic
public/af_icons/interface_essential/move-left.svg	asset	binary or font asset, not executable logic
public/af_icons/interface_essential/move-right.svg	asset	binary or font asset, not executable logic
public/af_icons/interface_essential/multiple-file-2.svg	asset	binary or font asset, not executable logic
public/af_icons/interface_essential/music-folder-song.svg	asset	binary or font asset, not executable logic
public/af_icons/interface_essential/new-file.svg	asset	binary or font asset, not executable logic
public/af_icons/interface_essential/new-folder.svg	asset	binary or font asset, not executable logic
public/af_icons/interface_essential/new-sticky-note.svg	asset	binary or font asset, not executable logic
public/af_icons/interface_essential/not-equal-sign.svg	asset	binary or font asset, not executable logic
public/af_icons/interface_essential/ok-hand.svg	asset	binary or font asset, not executable logic
public/af_icons/interface_essential/one-finger-drag-horizontal.svg	asset	binary or font asset, not executable logic
public/af_icons/interface_essential/one-finger-drag-vertical.svg	asset	binary or font asset, not executable logic
public/af_icons/interface_essential/one-finger-hold.svg	asset	binary or font asset, not executable logic
public/af_icons/interface_essential/one-finger-tap.svg	asset	binary or font asset, not executable logic
public/af_icons/interface_essential/open-book.svg	asset	binary or font asset, not executable logic
public/af_icons/interface_essential/open-umbrella.svg	asset	binary or font asset, not executable logic
public/af_icons/interface_essential/padlock-square-1.svg	asset	binary or font asset, not executable logic
public/af_icons/interface_essential/page-setting.svg	asset	binary or font asset, not executable logic
public/af_icons/interface_essential/paint-bucket.svg	asset	binary or font asset, not executable logic
public/af_icons/interface_essential/paint-palette.svg	asset	binary or font asset, not executable logic
public/af_icons/interface_essential/paintbrush-1.svg	asset	binary or font asset, not executable logic
public/af_icons/interface_essential/paintbrush-2.svg	asset	binary or font asset, not executable logic
public/af_icons/interface_essential/paperclip-1.svg	asset	binary or font asset, not executable logic
public/af_icons/interface_essential/paragraph.svg	asset	binary or font asset, not executable logic
public/af_icons/interface_essential/pathfinder-divide.svg	asset	binary or font asset, not executable logic
public/af_icons/interface_essential/pathfinder-exclude.svg	asset	binary or font asset, not executable logic
public/af_icons/interface_essential/pathfinder-intersect.svg	asset	binary or font asset, not executable logic
public/af_icons/interface_essential/pathfinder-merge.svg	asset	binary or font asset, not executable logic
public/af_icons/interface_essential/pathfinder-minus-front-1.svg	asset	binary or font asset, not executable logic
public/af_icons/interface_essential/pathfinder-trim.svg	asset	binary or font asset, not executable logic
public/af_icons/interface_essential/pathfinder-union.svg	asset	binary or font asset, not executable logic
public/af_icons/interface_essential/peace-hand.svg	asset	binary or font asset, not executable logic
public/af_icons/interface_essential/pen-3.svg	asset	binary or font asset, not executable logic
public/af_icons/interface_essential/pen-draw.svg	asset	binary or font asset, not executable logic
public/af_icons/interface_essential/pen-tool.svg	asset	binary or font asset, not executable logic
public/af_icons/interface_essential/pencil.svg	asset	binary or font asset, not executable logic
public/af_icons/interface_essential/pentagon.svg	asset	binary or font asset, not executable logic
public/af_icons/interface_essential/pi-symbol-circle.svg	asset	binary or font asset, not executable logic
public/af_icons/interface_essential/pictures-folder-memories.svg	asset	binary or font asset, not executable logic
public/af_icons/interface_essential/podium.svg	asset	binary or font asset, not executable logic
public/af_icons/interface_essential/polygon.svg	asset	binary or font asset, not executable logic
public/af_icons/interface_essential/praying-hand.svg	asset	binary or font asset, not executable logic
public/af_icons/interface_essential/projector-board.svg	asset	binary or font asset, not executable logic
public/af_icons/interface_essential/pyramid-shape.svg	asset	binary or font asset, not executable logic
public/af_icons/interface_essential/quotation-2.svg	asset	binary or font asset, not executable logic
public/af_icons/interface_essential/radioactive-2.svg	asset	binary or font asset, not executable logic
public/af_icons/interface_essential/rain-cloud.svg	asset	binary or font asset, not executable logic
public/af_icons/interface_essential/recycle-bin-2.svg	asset	binary or font asset, not executable logic
public/af_icons/interface_essential/ringing-bell-notification.svg	asset	binary or font asset, not executable logic
public/af_icons/interface_essential/rock-and-roll-hand.svg	asset	binary or font asset, not executable logic
public/af_icons/interface_essential/rotate-angle-45.svg	asset	binary or font asset, not executable logic
public/af_icons/interface_essential/round-cap.svg	asset	binary or font asset, not executable logic
public/af_icons/interface_essential/satellite-dish.svg	asset	binary or font asset, not executable logic
public/af_icons/interface_essential/scanner.svg	asset	binary or font asset, not executable logic
public/af_icons/interface_essential/search-visual.svg	asset	binary or font asset, not executable logic
public/af_icons/interface_essential/select-circle-area-1.svg	asset	binary or font asset, not executable logic
public/af_icons/interface_essential/share-link.svg	asset	binary or font asset, not executable logic
public/af_icons/interface_essential/shield-1.svg	asset	binary or font asset, not executable logic
public/af_icons/interface_essential/shield-2.svg	asset	binary or font asset, not executable logic
public/af_icons/interface_essential/shield-check.svg	asset	binary or font asset, not executable logic
public/af_icons/interface_essential/shield-cross.svg	asset	binary or font asset, not executable logic
public/af_icons/interface_essential/shrink-horizontal-1.svg	asset	binary or font asset, not executable logic
public/af_icons/interface_essential/shuffle.svg	asset	binary or font asset, not executable logic
public/af_icons/interface_essential/sigma.svg	asset	binary or font asset, not executable logic
public/af_icons/interface_essential/skull-1.svg	asset	binary or font asset, not executable logic
public/af_icons/interface_essential/sleep.svg	asset	binary or font asset, not executable logic
public/af_icons/interface_essential/snow-flake.svg	asset	binary or font asset, not executable logic
public/af_icons/interface_essential/sort-descending.svg	asset	binary or font asset, not executable logic
public/af_icons/interface_essential/spiral-shape.svg	asset	binary or font asset, not executable logic
public/af_icons/interface_essential/split-vertical.svg	asset	binary or font asset, not executable logic
public/af_icons/interface_essential/spray-paint.svg	asset	binary or font asset, not executable logic
public/af_icons/interface_essential/square-brackets-circle.svg	asset	binary or font asset, not executable logic
public/af_icons/interface_essential/square-cap.svg	asset	binary or font asset, not executable logic
public/af_icons/interface_essential/square-clock.svg	asset	binary or font asset, not executable logic
public/af_icons/interface_essential/square-root-x-circle.svg	asset	binary or font asset, not executable logic
public/af_icons/interface_essential/star-1.svg	asset	binary or font asset, not executable logic
public/af_icons/interface_essential/star-2.svg	asset	binary or font asset, not executable logic
public/af_icons/interface_essential/star-badge.svg	asset	binary or font asset, not executable logic
public/af_icons/interface_essential/straight-cap.svg	asset	binary or font asset, not executable logic
public/af_icons/interface_essential/subtract-1.svg	asset	binary or font asset, not executable logic
public/af_icons/interface_essential/subtract-circle.svg	asset	binary or font asset, not executable logic
public/af_icons/interface_essential/subtract-square.svg	asset	binary or font asset, not executable logic
public/af_icons/interface_essential/sun-cloud.svg	asset	binary or font asset, not executable logic
public/af_icons/interface_essential/synchronize-disable.svg	asset	binary or font asset, not executable logic
public/af_icons/interface_essential/synchronize-warning.svg	asset	binary or font asset, not executable logic
public/af_icons/interface_essential/table-lamp-1.svg	asset	binary or font asset, not executable logic
public/af_icons/interface_essential/tag.svg	asset	binary or font asset, not executable logic
public/af_icons/interface_essential/text-flow-rows.svg	asset	binary or font asset, not executable logic
public/af_icons/interface_essential/text-square.svg	asset	binary or font asset, not executable logic
public/af_icons/interface_essential/text-style.svg	asset	binary or font asset, not executable logic
public/af_icons/interface_essential/thermometer.svg	asset	binary or font asset, not executable logic
public/af_icons/interface_essential/trending-content.svg	asset	binary or font asset, not executable logic
public/af_icons/interface_essential/trophy.svg	asset	binary or font asset, not executable logic
public/af_icons/interface_essential/two-finger-drag-hotizontal.svg	asset	binary or font asset, not executable logic
public/af_icons/interface_essential/two-finger-tap.svg	asset	binary or font asset, not executable logic
public/af_icons/interface_essential/underline-text-1.svg	asset	binary or font asset, not executable logic
public/af_icons/interface_essential/upload-box-1.svg	asset	binary or font asset, not executable logic
public/af_icons/interface_essential/upload-circle.svg	asset	binary or font asset, not executable logic
public/af_icons/interface_essential/upload-computer.svg	asset	binary or font asset, not executable logic
public/af_icons/interface_essential/upload-file.svg	asset	binary or font asset, not executable logic
public/af_icons/interface_essential/user-add-plus.svg	asset	binary or font asset, not executable logic
public/af_icons/interface_essential/user-check-validate.svg	asset	binary or font asset, not executable logic
public/af_icons/interface_essential/user-circle-single.svg	asset	binary or font asset, not executable logic
public/af_icons/interface_essential/user-identifier-card.svg	asset	binary or font asset, not executable logic
public/af_icons/interface_essential/user-multiple-circle.svg	asset	binary or font asset, not executable logic
public/af_icons/interface_essential/user-multiple-group.svg	asset	binary or font asset, not executable logic
public/af_icons/interface_essential/user-profile-focus.svg	asset	binary or font asset, not executable logic
public/af_icons/interface_essential/user-protection-2.svg	asset	binary or font asset, not executable logic
public/af_icons/interface_essential/user-remove-subtract.svg	asset	binary or font asset, not executable logic
public/af_icons/interface_essential/user-single-neutral-male.svg	asset	binary or font asset, not executable logic
public/af_icons/interface_essential/user-sync-online-in-person.svg	asset	binary or font asset, not executable logic
public/af_icons/interface_essential/vertical-slider-square.svg	asset	binary or font asset, not executable logic
public/af_icons/interface_essential/video-swap-camera.svg	asset	binary or font asset, not executable logic
public/af_icons/interface_essential/visible.svg	asset	binary or font asset, not executable logic
public/af_icons/interface_essential/voice-scan-2.svg	asset	binary or font asset, not executable logic
public/af_icons/interface_essential/waning-cresent-moon.svg	asset	binary or font asset, not executable logic
public/af_icons/interface_essential/warning-octagon.svg	asset	binary or font asset, not executable logic
public/af_icons/interface_essential/warning-triangle.svg	asset	binary or font asset, not executable logic
public/af_icons/mail/chat-bubble-oval-notification.svg	asset	binary or font asset, not executable logic
public/af_icons/mail/chat-bubble-oval-smiley-1.svg	asset	binary or font asset, not executable logic
public/af_icons/mail/chat-bubble-oval-smiley-2.svg	asset	binary or font asset, not executable logic
public/af_icons/mail/chat-bubble-oval.svg	asset	binary or font asset, not executable logic
public/af_icons/mail/chat-bubble-square-block.svg	asset	binary or font asset, not executable logic
public/af_icons/mail/chat-bubble-square-question.svg	asset	binary or font asset, not executable logic
public/af_icons/mail/chat-bubble-square-warning.svg	asset	binary or font asset, not executable logic
public/af_icons/mail/chat-bubble-square-write.svg	asset	binary or font asset, not executable logic
public/af_icons/mail/chat-bubble-text-square.svg	asset	binary or font asset, not executable logic
public/af_icons/mail/chat-bubble-typing-oval.svg	asset	binary or font asset, not executable logic
public/af_icons/mail/chat-two-bubbles-oval.svg	asset	binary or font asset, not executable logic
public/af_icons/mail/discussion-converstion-reply.svg	asset	binary or font asset, not executable logic
public/af_icons/mail/happy-face.svg	asset	binary or font asset, not executable logic
public/af_icons/mail/inbox-block.svg	asset	binary or font asset, not executable logic
public/af_icons/mail/inbox-favorite-heart.svg	asset	binary or font asset, not executable logic
public/af_icons/mail/inbox-favorite.svg	asset	binary or font asset, not executable logic
public/af_icons/mail/inbox-lock.svg	asset	binary or font asset, not executable logic
public/af_icons/mail/inbox-tray-1.svg	asset	binary or font asset, not executable logic
public/af_icons/mail/inbox-tray-2.svg	asset	binary or font asset, not executable logic
public/af_icons/mail/mail-incoming.svg	asset	binary or font asset, not executable logic
public/af_icons/mail/mail-search.svg	asset	binary or font asset, not executable logic
public/af_icons/mail/mail-send-email-message.svg	asset	binary or font asset, not executable logic
public/af_icons/mail/mail-send-envelope.svg	asset	binary or font asset, not executable logic
public/af_icons/mail/mail-send-reply-all.svg	asset	binary or font asset, not executable logic
public/af_icons/mail/sad-face.svg	asset	binary or font asset, not executable logic
public/af_icons/mail/send-email.svg	asset	binary or font asset, not executable logic
public/af_icons/mail/sign-at.svg	asset	binary or font asset, not executable logic
public/af_icons/mail/sign-hashtag.svg	asset	binary or font asset, not executable logic
public/af_icons/mail/smiley-angry.svg	asset	binary or font asset, not executable logic
public/af_icons/mail/smiley-cool.svg	asset	binary or font asset, not executable logic
public/af_icons/mail/smiley-crying-1.svg	asset	binary or font asset, not executable logic
public/af_icons/mail/smiley-cute.svg	asset	binary or font asset, not executable logic
public/af_icons/mail/smiley-drool.svg	asset	binary or font asset, not executable logic
public/af_icons/mail/smiley-emoji-kiss-nervous.svg	asset	binary or font asset, not executable logic
public/af_icons/mail/smiley-emoji-terrified.svg	asset	binary or font asset, not executable logic
public/af_icons/mail/smiley-grumpy.svg	asset	binary or font asset, not executable logic
public/af_icons/mail/smiley-happy.svg	asset	binary or font asset, not executable logic
public/af_icons/mail/smiley-in-love.svg	asset	binary or font asset, not executable logic
public/af_icons/mail/smiley-kiss.svg	asset	binary or font asset, not executable logic
public/af_icons/mail/smiley-laughing-3.svg	asset	binary or font asset, not executable logic
public/af_icons/map_travel/airplane.svg	asset	binary or font asset, not executable logic
public/af_icons/map_travel/airport-plane-transit.svg	asset	binary or font asset, not executable logic
public/af_icons/map_travel/airport-plane.svg	asset	binary or font asset, not executable logic
public/af_icons/map_travel/airport-security.svg	asset	binary or font asset, not executable logic
public/af_icons/map_travel/anchor.svg	asset	binary or font asset, not executable logic
public/af_icons/map_travel/baggage.svg	asset	binary or font asset, not executable logic
public/af_icons/map_travel/beach.svg	asset	binary or font asset, not executable logic
public/af_icons/map_travel/bicycle-bike.svg	asset	binary or font asset, not executable logic
public/af_icons/map_travel/braille-blind.svg	asset	binary or font asset, not executable logic
public/af_icons/map_travel/bus.svg	asset	binary or font asset, not executable logic
public/af_icons/map_travel/camping-tent.svg	asset	binary or font asset, not executable logic
public/af_icons/map_travel/cane.svg	asset	binary or font asset, not executable logic
public/af_icons/map_travel/capitol.svg	asset	binary or font asset, not executable logic
public/af_icons/map_travel/car-battery-charging.svg	asset	binary or font asset, not executable logic
public/af_icons/map_travel/car-taxi-1.svg	asset	binary or font asset, not executable logic
public/af_icons/map_travel/city-hall.svg	asset	binary or font asset, not executable logic
public/af_icons/map_travel/compass-navigator.svg	asset	binary or font asset, not executable logic
public/af_icons/map_travel/crutch.svg	asset	binary or font asset, not executable logic
public/af_icons/map_travel/dangerous-zone-sign.svg	asset	binary or font asset, not executable logic
public/af_icons/map_travel/earth-1.svg	asset	binary or font asset, not executable logic
public/af_icons/map_travel/earth-airplane.svg	asset	binary or font asset, not executable logic
public/af_icons/map_travel/emergency-exit.svg	asset	binary or font asset, not executable logic
public/af_icons/map_travel/fire-alarm-2.svg	asset	binary or font asset, not executable logic
public/af_icons/map_travel/fire-extinguisher-sign.svg	asset	binary or font asset, not executable logic
public/af_icons/map_travel/gas-station-fuel-petroleum.svg	asset	binary or font asset, not executable logic
public/af_icons/map_travel/hearing-deaf-1.svg	asset	binary or font asset, not executable logic
public/af_icons/map_travel/hearing-deaf-2.svg	asset	binary or font asset, not executable logic
public/af_icons/map_travel/high-speed-train-front.svg	asset	binary or font asset, not executable logic
public/af_icons/map_travel/hot-spring.svg	asset	binary or font asset, not executable logic
public/af_icons/map_travel/hotel-air-conditioner.svg	asset	binary or font asset, not executable logic
public/af_icons/map_travel/hotel-bed-2.svg	asset	binary or font asset, not executable logic
public/af_icons/map_travel/hotel-laundry.svg	asset	binary or font asset, not executable logic
public/af_icons/map_travel/hotel-one-star.svg	asset	binary or font asset, not executable logic
public/af_icons/map_travel/hotel-shower-head.svg	asset	binary or font asset, not executable logic
public/af_icons/map_travel/hotel-two-star.svg	asset	binary or font asset, not executable logic
public/af_icons/map_travel/information-desk-customer.svg	asset	binary or font asset, not executable logic
public/af_icons/map_travel/information-desk.svg	asset	binary or font asset, not executable logic
public/af_icons/map_travel/iron.svg	asset	binary or font asset, not executable logic
public/af_icons/map_travel/ladder.svg	asset	binary or font asset, not executable logic
public/af_icons/map_travel/lift-disability.svg	asset	binary or font asset, not executable logic
public/af_icons/map_travel/lift.svg	asset	binary or font asset, not executable logic
public/af_icons/map_travel/location-compass-1.svg	asset	binary or font asset, not executable logic
public/af_icons/map_travel/location-pin-3.svg	asset	binary or font asset, not executable logic
public/af_icons/map_travel/location-pin-disabled.svg	asset	binary or font asset, not executable logic
public/af_icons/map_travel/location-target-1.svg	asset	binary or font asset, not executable logic
public/af_icons/map_travel/lost-and-found.svg	asset	binary or font asset, not executable logic
public/af_icons/map_travel/man-symbol.svg	asset	binary or font asset, not executable logic
public/af_icons/map_travel/map-fold.svg	asset	binary or font asset, not executable logic
public/af_icons/map_travel/navigation-arrow-off.svg	asset	binary or font asset, not executable logic
public/af_icons/map_travel/navigation-arrow-on.svg	asset	binary or font asset, not executable logic
public/af_icons/map_travel/parking-sign.svg	asset	binary or font asset, not executable logic
public/af_icons/map_travel/parliament.svg	asset	binary or font asset, not executable logic
public/af_icons/map_travel/passport.svg	asset	binary or font asset, not executable logic
public/af_icons/map_travel/pet-paw.svg	asset	binary or font asset, not executable logic
public/af_icons/map_travel/pets-allowed.svg	asset	binary or font asset, not executable logic
public/af_icons/map_travel/pool-ladder.svg	asset	binary or font asset, not executable logic
public/af_icons/map_travel/rock-slide.svg	asset	binary or font asset, not executable logic
public/af_icons/map_travel/sail-ship.svg	asset	binary or font asset, not executable logic
public/af_icons/map_travel/school-bus-side.svg	asset	binary or font asset, not executable logic
public/af_icons/map_travel/smoke-detector.svg	asset	binary or font asset, not executable logic
public/af_icons/map_travel/smoking-area.svg	asset	binary or font asset, not executable logic
public/af_icons/map_travel/snorkle.svg	asset	binary or font asset, not executable logic
public/af_icons/map_travel/steering-wheel.svg	asset	binary or font asset, not executable logic
public/af_icons/map_travel/street-road.svg	asset	binary or font asset, not executable logic
public/af_icons/map_travel/street-sign.svg	asset	binary or font asset, not executable logic
public/af_icons/map_travel/take-off.svg	asset	binary or font asset, not executable logic
public/af_icons/map_travel/toilet-man.svg	asset	binary or font asset, not executable logic
public/af_icons/map_travel/toilet-sign-man-woman-2.svg	asset	binary or font asset, not executable logic
public/af_icons/map_travel/toilet-women.svg	asset	binary or font asset, not executable logic
public/af_icons/map_travel/traffic-cone.svg	asset	binary or font asset, not executable logic
public/af_icons/map_travel/triangle-flag.svg	asset	binary or font asset, not executable logic
public/af_icons/map_travel/wheelchair-1.svg	asset	binary or font asset, not executable logic
public/af_icons/map_travel/woman-symbol.svg	asset	binary or font asset, not executable logic
public/af_icons/money_shopping/annoncement-megaphone.svg	asset	binary or font asset, not executable logic
public/af_icons/money_shopping/backpack.svg	asset	binary or font asset, not executable logic
public/af_icons/money_shopping/bag-dollar.svg	asset	binary or font asset, not executable logic
public/af_icons/money_shopping/bag-pound.svg	asset	binary or font asset, not executable logic
public/af_icons/money_shopping/bag-rupee.svg	asset	binary or font asset, not executable logic
public/af_icons/money_shopping/bag-suitcase-1.svg	asset	binary or font asset, not executable logic
public/af_icons/money_shopping/bag-suitcase-2.svg	asset	binary or font asset, not executable logic
public/af_icons/money_shopping/bag-yen.svg	asset	binary or font asset, not executable logic
public/af_icons/money_shopping/bag.svg	asset	binary or font asset, not executable logic
public/af_icons/money_shopping/ball.svg	asset	binary or font asset, not executable logic
public/af_icons/money_shopping/bank.svg	asset	binary or font asset, not executable logic
public/af_icons/money_shopping/beanie.svg	asset	binary or font asset, not executable logic
public/af_icons/money_shopping/bill-1.svg	asset	binary or font asset, not executable logic
public/af_icons/money_shopping/bill-2.svg	asset	binary or font asset, not executable logic
public/af_icons/money_shopping/bill-4.svg	asset	binary or font asset, not executable logic
public/af_icons/money_shopping/bill-cashless.svg	asset	binary or font asset, not executable logic
public/af_icons/money_shopping/binance-circle.svg	asset	binary or font asset, not executable logic
public/af_icons/money_shopping/bitcoin.svg	asset	binary or font asset, not executable logic
public/af_icons/money_shopping/bow-tie.svg	asset	binary or font asset, not executable logic
public/af_icons/money_shopping/briefcase-dollar.svg	asset	binary or font asset, not executable logic
public/af_icons/money_shopping/building-2.svg	asset	binary or font asset, not executable logic
public/af_icons/money_shopping/business-card.svg	asset	binary or font asset, not executable logic
public/af_icons/money_shopping/business-handshake.svg	asset	binary or font asset, not executable logic
public/af_icons/money_shopping/business-idea-money.svg	asset	binary or font asset, not executable logic
public/af_icons/money_shopping/business-profession-home-office.svg	asset	binary or font asset, not executable logic
public/af_icons/money_shopping/business-progress-bar-2.svg	asset	binary or font asset, not executable logic
public/af_icons/money_shopping/business-user-curriculum.svg	asset	binary or font asset, not executable logic
public/af_icons/money_shopping/calculator-1.svg	asset	binary or font asset, not executable logic
public/af_icons/money_shopping/calculator-2.svg	asset	binary or font asset, not executable logic
public/af_icons/money_shopping/cane.svg	asset	binary or font asset, not executable logic
public/af_icons/money_shopping/chair.svg	asset	binary or font asset, not executable logic
public/af_icons/money_shopping/closet.svg	asset	binary or font asset, not executable logic
public/af_icons/money_shopping/coin-share.svg	asset	binary or font asset, not executable logic
public/af_icons/money_shopping/coins-stack.svg	asset	binary or font asset, not executable logic
public/af_icons/money_shopping/credit-card-1.svg	asset	binary or font asset, not executable logic
public/af_icons/money_shopping/credit-card-2.svg	asset	binary or font asset, not executable logic
public/af_icons/money_shopping/diamond-2.svg	asset	binary or font asset, not executable logic
public/af_icons/money_shopping/discount-percent-badge.svg	asset	binary or font asset, not executable logic
public/af_icons/money_shopping/discount-percent-circle.svg	asset	binary or font asset, not executable logic
public/af_icons/money_shopping/discount-percent-coupon.svg	asset	binary or font asset, not executable logic
public/af_icons/money_shopping/discount-percent-cutout.svg	asset	binary or font asset, not executable logic
public/af_icons/money_shopping/discount-percent-fire.svg	asset	binary or font asset, not executable logic
public/af_icons/money_shopping/dollar-coin-1.svg	asset	binary or font asset, not executable logic
public/af_icons/money_shopping/dollar-coin.svg	asset	binary or font asset, not executable logic
public/af_icons/money_shopping/dressing-table.svg	asset	binary or font asset, not executable logic
public/af_icons/money_shopping/ethereum-circle.svg	asset	binary or font asset, not executable logic
public/af_icons/money_shopping/ethereum.svg	asset	binary or font asset, not executable logic
public/af_icons/money_shopping/euro.svg	asset	binary or font asset, not executable logic
public/af_icons/money_shopping/gift-2.svg	asset	binary or font asset, not executable logic
public/af_icons/money_shopping/gift.svg	asset	binary or font asset, not executable logic
public/af_icons/money_shopping/gold.svg	asset	binary or font asset, not executable logic
public/af_icons/money_shopping/graph-arrow-decrease.svg	asset	binary or font asset, not executable logic
public/af_icons/money_shopping/graph-arrow-increase.svg	asset	binary or font asset, not executable logic
public/af_icons/money_shopping/graph-bar-decrease.svg	asset	binary or font asset, not executable logic
public/af_icons/money_shopping/graph-bar-increase.svg	asset	binary or font asset, not executable logic
public/af_icons/money_shopping/graph-dot.svg	asset	binary or font asset, not executable logic
public/af_icons/money_shopping/graph.svg	asset	binary or font asset, not executable logic
public/af_icons/money_shopping/investment-selection.svg	asset	binary or font asset, not executable logic
public/af_icons/money_shopping/justice-hammer.svg	asset	binary or font asset, not executable logic
public/af_icons/money_shopping/justice-scale-1.svg	asset	binary or font asset, not executable logic
public/af_icons/money_shopping/justice-scale-2.svg	asset	binary or font asset, not executable logic
public/af_icons/money_shopping/lipstick.svg	asset	binary or font asset, not executable logic
public/af_icons/money_shopping/make-up-brush.svg	asset	binary or font asset, not executable logic
public/af_icons/money_shopping/moustache.svg	asset	binary or font asset, not executable logic
public/af_icons/money_shopping/mouth-lip.svg	asset	binary or font asset, not executable logic
public/af_icons/money_shopping/necklace.svg	asset	binary or font asset, not executable logic
public/af_icons/money_shopping/necktie.svg	asset	binary or font asset, not executable logic
public/af_icons/money_shopping/payment-10.svg	asset	binary or font asset, not executable logic
public/af_icons/money_shopping/payment-cash-out-3.svg	asset	binary or font asset, not executable logic
public/af_icons/money_shopping/pie-chart.svg	asset	binary or font asset, not executable logic
public/af_icons/money_shopping/piggy-bank.svg	asset	binary or font asset, not executable logic
public/af_icons/money_shopping/polka-dot-circle.svg	asset	binary or font asset, not executable logic
public/af_icons/money_shopping/production-belt.svg	asset	binary or font asset, not executable logic
public/af_icons/money_shopping/qr-code.svg	asset	binary or font asset, not executable logic
public/af_icons/money_shopping/receipt-add.svg	asset	binary or font asset, not executable logic
public/af_icons/money_shopping/receipt-check.svg	asset	binary or font asset, not executable logic
public/af_icons/money_shopping/receipt-subtract.svg	asset	binary or font asset, not executable logic
public/af_icons/money_shopping/receipt.svg	asset	binary or font asset, not executable logic
public/af_icons/money_shopping/safe-vault.svg	asset	binary or font asset, not executable logic
public/af_icons/money_shopping/scanner-3.svg	asset	binary or font asset, not executable logic
public/af_icons/money_shopping/scanner-bar-code.svg	asset	binary or font asset, not executable logic
public/af_icons/money_shopping/shelf.svg	asset	binary or font asset, not executable logic
public/af_icons/money_shopping/shopping-bag-hand-bag-2.svg	asset	binary or font asset, not executable logic
public/af_icons/money_shopping/shopping-basket-1.svg	asset	binary or font asset, not executable logic
public/af_icons/money_shopping/shopping-basket-2.svg	asset	binary or font asset, not executable logic
public/af_icons/money_shopping/shopping-cart-1.svg	asset	binary or font asset, not executable logic
public/af_icons/money_shopping/shopping-cart-2.svg	asset	binary or font asset, not executable logic
public/af_icons/money_shopping/shopping-cart-3.svg	asset	binary or font asset, not executable logic
public/af_icons/money_shopping/shopping-cart-add.svg	asset	binary or font asset, not executable logic
public/af_icons/money_shopping/shopping-cart-check.svg	asset	binary or font asset, not executable logic
public/af_icons/money_shopping/shopping-cart-subtract.svg	asset	binary or font asset, not executable logic
public/af_icons/money_shopping/signage-3.svg	asset	binary or font asset, not executable logic
public/af_icons/money_shopping/signage-4.svg	asset	binary or font asset, not executable logic
public/af_icons/money_shopping/startup.svg	asset	binary or font asset, not executable logic
public/af_icons/money_shopping/stock.svg	asset	binary or font asset, not executable logic
public/af_icons/money_shopping/store-1.svg	asset	binary or font asset, not executable logic
public/af_icons/money_shopping/store-2.svg	asset	binary or font asset, not executable logic
public/af_icons/money_shopping/store-computer.svg	asset	binary or font asset, not executable logic
public/af_icons/money_shopping/subscription-cashflow.svg	asset	binary or font asset, not executable logic
public/af_icons/money_shopping/tag.svg	asset	binary or font asset, not executable logic
public/af_icons/money_shopping/tall-hat.svg	asset	binary or font asset, not executable logic
public/af_icons/money_shopping/target-3.svg	asset	binary or font asset, not executable logic
public/af_icons/money_shopping/target.svg	asset	binary or font asset, not executable logic
public/af_icons/money_shopping/wallet-purse.svg	asset	binary or font asset, not executable logic
public/af_icons/money_shopping/wallet.svg	asset	binary or font asset, not executable logic
public/af_icons/money_shopping/xrp-circle.svg	asset	binary or font asset, not executable logic
public/af_icons/money_shopping/yuan-circle.svg	asset	binary or font asset, not executable logic
public/af_icons/money_shopping/yuan.svg	asset	binary or font asset, not executable logic
public/af_icons/nature_ecology/affordable-and-clean-energy.svg	asset	binary or font asset, not executable logic
public/af_icons/nature_ecology/alien.svg	asset	binary or font asset, not executable logic
public/af_icons/nature_ecology/bone.svg	asset	binary or font asset, not executable logic
public/af_icons/nature_ecology/cat-1.svg	asset	binary or font asset, not executable logic
public/af_icons/nature_ecology/circle-flask.svg	asset	binary or font asset, not executable logic
public/af_icons/nature_ecology/clean-water-and-sanitation.svg	asset	binary or font asset, not executable logic
public/af_icons/nature_ecology/comet.svg	asset	binary or font asset, not executable logic
public/af_icons/nature_ecology/decent-work-and-economic-growth.svg	asset	binary or font asset, not executable logic
public/af_icons/nature_ecology/dna.svg	asset	binary or font asset, not executable logic
public/af_icons/nature_ecology/erlenmeyer-flask.svg	asset	binary or font asset, not executable logic
public/af_icons/nature_ecology/flower.svg	asset	binary or font asset, not executable logic
public/af_icons/nature_ecology/galaxy-1.svg	asset	binary or font asset, not executable logic
public/af_icons/nature_ecology/galaxy-2.svg	asset	binary or font asset, not executable logic
public/af_icons/nature_ecology/gender-equality.svg	asset	binary or font asset, not executable logic
public/af_icons/nature_ecology/good-health-and-well-being.svg	asset	binary or font asset, not executable logic
public/af_icons/nature_ecology/industry-innovation-and-infrastructure.svg	asset	binary or font asset, not executable logic
public/af_icons/nature_ecology/leaf.svg	asset	binary or font asset, not executable logic
public/af_icons/nature_ecology/log.svg	asset	binary or font asset, not executable logic
public/af_icons/nature_ecology/no-poverty.svg	asset	binary or font asset, not executable logic
public/af_icons/nature_ecology/octopus.svg	asset	binary or font asset, not executable logic
public/af_icons/nature_ecology/planet.svg	asset	binary or font asset, not executable logic
public/af_icons/nature_ecology/potted-flower-tulip.svg	asset	binary or font asset, not executable logic
public/af_icons/nature_ecology/quality-education.svg	asset	binary or font asset, not executable logic
public/af_icons/nature_ecology/rainbow.svg	asset	binary or font asset, not executable logic
public/af_icons/nature_ecology/recycle-1.svg	asset	binary or font asset, not executable logic
public/af_icons/nature_ecology/reduced-inequalities.svg	asset	binary or font asset, not executable logic
public/af_icons/nature_ecology/rose.svg	asset	binary or font asset, not executable logic
public/af_icons/nature_ecology/shell.svg	asset	binary or font asset, not executable logic
public/af_icons/nature_ecology/shovel-rake.svg	asset	binary or font asset, not executable logic
public/af_icons/nature_ecology/sprout.svg	asset	binary or font asset, not executable logic
public/af_icons/nature_ecology/telescope.svg	asset	binary or font asset, not executable logic
public/af_icons/nature_ecology/test-tube.svg	asset	binary or font asset, not executable logic
public/af_icons/nature_ecology/tidal-wave.svg	asset	binary or font asset, not executable logic
public/af_icons/nature_ecology/tree-2.svg	asset	binary or font asset, not executable logic
public/af_icons/nature_ecology/tree-3.svg	asset	binary or font asset, not executable logic
public/af_icons/nature_ecology/volcano.svg	asset	binary or font asset, not executable logic
public/af_icons/nature_ecology/windmill.svg	asset	binary or font asset, not executable logic
public/af_icons/nature_ecology/zero-hunger.svg	asset	binary or font asset, not executable logic
public/af_icons/phone/airplane-disabled.svg	asset	binary or font asset, not executable logic
public/af_icons/phone/airplane-enabled.svg	asset	binary or font asset, not executable logic
public/af_icons/phone/back-camera-1.svg	asset	binary or font asset, not executable logic
public/af_icons/phone/call-hang-up.svg	asset	binary or font asset, not executable logic
public/af_icons/phone/cellular-network-4g.svg	asset	binary or font asset, not executable logic
public/af_icons/phone/cellular-network-5g.svg	asset	binary or font asset, not executable logic
public/af_icons/phone/cellular-network-lte.svg	asset	binary or font asset, not executable logic
public/af_icons/phone/contact-phonebook-2.svg	asset	binary or font asset, not executable logic
public/af_icons/phone/hang-up-1.svg	asset	binary or font asset, not executable logic
public/af_icons/phone/hang-up-2.svg	asset	binary or font asset, not executable logic
public/af_icons/phone/incoming-call.svg	asset	binary or font asset, not executable logic
public/af_icons/phone/missed-call.svg	asset	binary or font asset, not executable logic
public/af_icons/phone/notification-alarm-2.svg	asset	binary or font asset, not executable logic
public/af_icons/phone/notification-application-1.svg	asset	binary or font asset, not executable logic
public/af_icons/phone/notification-application-2.svg	asset	binary or font asset, not executable logic
public/af_icons/phone/notification-message-alert.svg	asset	binary or font asset, not executable logic
public/af_icons/phone/outgoing-call.svg	asset	binary or font asset, not executable logic
public/af_icons/phone/phone-mobile-phone.svg	asset	binary or font asset, not executable logic
public/af_icons/phone/phone-qr.svg	asset	binary or font asset, not executable logic
public/af_icons/phone/phone-ringing-1.svg	asset	binary or font asset, not executable logic
public/af_icons/phone/phone-ringing-2.svg	asset	binary or font asset, not executable logic
public/af_icons/phone/phone.svg	asset	binary or font asset, not executable logic
public/af_icons/phone/signal-full.svg	asset	binary or font asset, not executable logic
public/af_icons/phone/signal-low.svg	asset	binary or font asset, not executable logic
public/af_icons/phone/signal-medium.svg	asset	binary or font asset, not executable logic
public/af_icons/phone/signal-none.svg	asset	binary or font asset, not executable logic
public/af_icons/programing/application-add.svg	asset	binary or font asset, not executable logic
public/af_icons/programing/bracket.svg	asset	binary or font asset, not executable logic
public/af_icons/programing/browser-add.svg	asset	binary or font asset, not executable logic
public/af_icons/programing/browser-block.svg	asset	binary or font asset, not executable logic
public/af_icons/programing/browser-build.svg	asset	binary or font asset, not executable logic
public/af_icons/programing/browser-check.svg	asset	binary or font asset, not executable logic
public/af_icons/programing/browser-delete.svg	asset	binary or font asset, not executable logic
public/af_icons/programing/browser-hash.svg	asset	binary or font asset, not executable logic
public/af_icons/programing/browser-lock.svg	asset	binary or font asset, not executable logic
public/af_icons/programing/browser-multiple-window.svg	asset	binary or font asset, not executable logic
public/af_icons/programing/browser-remove.svg	asset	binary or font asset, not executable logic
public/af_icons/programing/browser-website-1.svg	asset	binary or font asset, not executable logic
public/af_icons/programing/bug-antivirus-debugging.svg	asset	binary or font asset, not executable logic
public/af_icons/programing/bug-antivirus-shield.svg	asset	binary or font asset, not executable logic
public/af_icons/programing/bug-virus-browser.svg	asset	binary or font asset, not executable logic
public/af_icons/programing/bug-virus-document.svg	asset	binary or font asset, not executable logic
public/af_icons/programing/bug-virus-folder.svg	asset	binary or font asset, not executable logic
public/af_icons/programing/bug.svg	asset	binary or font asset, not executable logic
public/af_icons/programing/cloud-add.svg	asset	binary or font asset, not executable logic
public/af_icons/programing/cloud-block.svg	asset	binary or font asset, not executable logic
public/af_icons/programing/cloud-check.svg	asset	binary or font asset, not executable logic
public/af_icons/programing/cloud-data-transfer.svg	asset	binary or font asset, not executable logic
public/af_icons/programing/cloud-refresh.svg	asset	binary or font asset, not executable logic
public/af_icons/programing/cloud-share.svg	asset	binary or font asset, not executable logic
public/af_icons/programing/cloud-warning.svg	asset	binary or font asset, not executable logic
public/af_icons/programing/cloud-wifi.svg	asset	binary or font asset, not executable logic
public/af_icons/programing/code-analysis.svg	asset	binary or font asset, not executable logic
public/af_icons/programing/code-monitor-1.svg	asset	binary or font asset, not executable logic
public/af_icons/programing/code-monitor-2.svg	asset	binary or font asset, not executable logic
public/af_icons/programing/css-three.svg	asset	binary or font asset, not executable logic
public/af_icons/programing/curly-brackets.svg	asset	binary or font asset, not executable logic
public/af_icons/programing/file-code-1.svg	asset	binary or font asset, not executable logic
public/af_icons/programing/incognito-mode.svg	asset	binary or font asset, not executable logic
public/af_icons/programing/insert-cloud-video.svg	asset	binary or font asset, not executable logic
public/af_icons/programing/markdown-circle-programming.svg	asset	binary or font asset, not executable logic
public/af_icons/programing/markdown-document-programming.svg	asset	binary or font asset, not executable logic
public/af_icons/programing/module-puzzle-1.svg	asset	binary or font asset, not executable logic
public/af_icons/programing/module-puzzle-3.svg	asset	binary or font asset, not executable logic
public/af_icons/programing/module-three.svg	asset	binary or font asset, not executable logic
public/af_icons/programing/rss-square.svg	asset	binary or font asset, not executable logic
public/af_icons/shipping/box-sign.svg	asset	binary or font asset, not executable logic
public/af_icons/shipping/container.svg	asset	binary or font asset, not executable logic
public/af_icons/shipping/fragile.svg	asset	binary or font asset, not executable logic
public/af_icons/shipping/parachute-drop.svg	asset	binary or font asset, not executable logic
public/af_icons/shipping/shipment-add.svg	asset	binary or font asset, not executable logic
public/af_icons/shipping/shipment-check.svg	asset	binary or font asset, not executable logic
public/af_icons/shipping/shipment-download.svg	asset	binary or font asset, not executable logic
public/af_icons/shipping/shipment-remove.svg	asset	binary or font asset, not executable logic
public/af_icons/shipping/shipment-upload.svg	asset	binary or font asset, not executable logic
public/af_icons/shipping/shipping-box-1.svg	asset	binary or font asset, not executable logic
public/af_icons/shipping/shipping-truck.svg	asset	binary or font asset, not executable logic
public/af_icons/shipping/transfer-motorcycle.svg	asset	binary or font asset, not executable logic
public/af_icons/shipping/transfer-van.svg	asset	binary or font asset, not executable logic
public/af_icons/shipping/warehouse-1.svg	asset	binary or font asset, not executable logic
public/af_icons/work_education/book-reading.svg	asset	binary or font asset, not executable logic
public/af_icons/work_education/class-lesson.svg	asset	binary or font asset, not executable logic
public/af_icons/work_education/collaborations-idea.svg	asset	binary or font asset, not executable logic
public/af_icons/work_education/definition-search-book.svg	asset	binary or font asset, not executable logic
public/af_icons/work_education/dictionary-language-book.svg	asset	binary or font asset, not executable logic
public/af_icons/work_education/global-learning.svg	asset	binary or font asset, not executable logic
public/af_icons/work_education/graduation-cap.svg	asset	binary or font asset, not executable logic
public/af_icons/work_education/group-meeting-call.svg	asset	binary or font asset, not executable logic
public/af_icons/work_education/office-building-1.svg	asset	binary or font asset, not executable logic
public/af_icons/work_education/office-worker.svg	asset	binary or font asset, not executable logic
public/af_icons/work_education/search-dollar.svg	asset	binary or font asset, not executable logic
public/af_icons/work_education/strategy-tasks.svg	asset	binary or font asset, not executable logic
public/af_icons/work_education/task-list.svg	asset	binary or font asset, not executable logic
public/af_icons/work_education/workspace-desk.svg	asset	binary or font asset, not executable logic
public/appflowy.ico	asset	binary or font asset, not executable logic
public/appflowy.svg	asset	binary or font asset, not executable logic
public/covers/m_cover_image_1.png	asset	binary or font asset, not executable logic
public/covers/m_cover_image_2.png	asset	binary or font asset, not executable logic
public/covers/m_cover_image_3.png	asset	binary or font asset, not executable logic
public/covers/m_cover_image_4.png	asset	binary or font asset, not executable logic
public/covers/m_cover_image_5.png	asset	binary or font asset, not executable logic
public/covers/m_cover_image_6.png	asset	binary or font asset, not executable logic
public/og-image.png	asset	binary or font asset, not executable logic
scripts/create-symlink.cjs	reviewed	batch 299 last-line length matched; model not tool-verified grok
scripts/export-indexeddb-to-zip.js	reviewed	batch 299 last-line length matched; model not tool-verified grok
scripts/generateTailwindColors.cjs	reviewed	batch 299 last-line length matched; model not tool-verified grok
scripts/generate_af_icons.cjs	reviewed	batch 299 last-line length matched; model not tool-verified grok
scripts/i18n.cjs	reviewed	batch 299 last-line length matched; model not tool-verified grok
scripts/system-token/convert-tokens.cjs	reviewed	batch 299 last-line length matched; model not tool-verified grok
scripts/system-token/primitive.json	reviewed	batch 300 last-line length matched; model not tool-verified grok
scripts/system-token/semantic.dark.json	reviewed	batch 300 last-line length matched; model not tool-verified grok
scripts/system-token/semantic.light.json	reviewed	batch 300 last-line length matched; model not tool-verified grok
setup-test-environment.sh	reviewed	batch 300 last-line length matched; model not tool-verified grok
src/@types/i18next.d.ts	reviewed	batch 300 last-line length matched; model not tool-verified grok
src/@types/resources.ts	reviewed	batch 300 last-line length matched; model not tool-verified grok
src/@types/translations/am-ET.json	reviewed	batch 300 last-line length matched; model not tool-verified grok
src/@types/translations/ar-SA.json	reviewed	batch 300 last-line length matched; model not tool-verified grok
src/@types/translations/ca-ES.json	reviewed	batch 300 last-line length matched; model not tool-verified grok
src/@types/translations/ckb-KU.json	reviewed	batch 300 last-line length matched; model not tool-verified grok
src/@types/translations/cs-CZ.json	reviewed	batch 300 last-line length matched; model not tool-verified grok
src/@types/translations/de-DE.json	reviewed	batch 300 last-line length matched; model not tool-verified grok
src/@types/translations/el-GR.json	reviewed	batch 300 last-line length matched; model not tool-verified grok
src/@types/translations/en.json	reviewed	batch 300 last-line length matched; model not tool-verified grok
src/@types/translations/es-VE.json	reviewed	batch 300 last-line length matched; model not tool-verified grok
src/@types/translations/eu-ES.json	reviewed	batch 301 last-line length matched; model not tool-verified grok
src/@types/translations/fa.json	reviewed	batch 301 last-line length matched; model not tool-verified grok
src/@types/translations/fr-CA.json	reviewed	batch 301 last-line length matched; model not tool-verified grok
src/@types/translations/fr-FR.json	reviewed	batch 301 last-line length matched; model not tool-verified grok
src/@types/translations/he.json	reviewed	batch 301 last-line length matched; model not tool-verified grok
src/@types/translations/hin.json	reviewed	batch 301 last-line length matched; model not tool-verified grok
src/@types/translations/hu-HU.json	reviewed	batch 301 last-line length matched; model not tool-verified grok
src/@types/translations/id-ID.json	reviewed	batch 301 last-line length matched; model not tool-verified grok
src/@types/translations/it-IT.json	reviewed	batch 301 last-line length matched; model not tool-verified grok
src/@types/translations/ja-JP.json	reviewed	batch 301 last-line length matched; model not tool-verified grok
src/@types/translations/ko-KR.json	reviewed	batch 301 last-line length matched; model not tool-verified grok
src/@types/translations/pl-PL.json	reviewed	batch 301 last-line length matched; model not tool-verified grok
src/@types/translations/pt-BR.json	reviewed	batch 301 last-line length matched; model not tool-verified grok
src/@types/translations/pt-PT.json	reviewed	batch 301 last-line length matched; model not tool-verified grok
src/@types/translations/ru-RU.json	reviewed	batch 301 last-line length matched; model not tool-verified grok
src/@types/translations/sv-SE.json	reviewed	batch 302 last-line length matched; model not tool-verified grok
src/@types/translations/th-TH.json	reviewed	batch 302 last-line length matched; model not tool-verified grok
src/@types/translations/tr-TR.json	reviewed	batch 302 last-line length matched; model not tool-verified grok
src/@types/translations/uk-UA.json	reviewed	batch 302 last-line length matched; model not tool-verified grok
src/@types/translations/ur.json	reviewed	batch 302 last-line length matched; model not tool-verified grok
src/@types/translations/vi-VN.json	reviewed	batch 302 last-line length matched; model not tool-verified grok
src/@types/translations/vi.json	reviewed	batch 302 last-line length matched; model not tool-verified grok
src/@types/translations/zh-CN.json	reviewed	batch 302 last-line length matched; model not tool-verified grok
src/@types/translations/zh-TW.json	reviewed	batch 302 last-line length matched; model not tool-verified grok
src/__mocks__/fileMock.ts	test-fixture	test or fixture path
src/__mocks__/runtime-config.ts	test-fixture	test or fixture path
src/__mocks__/svgrMock.tsx	test-fixture	test or fixture path
src/application/__tests__/database-block.test.ts	test-fixture	test or fixture path
src/application/__tests__/user-metadata.test.ts	test-fixture	test or fixture path
src/application/__tests__/user-timezone.types.test.ts	test-fixture	test or fixture path
src/application/__tests__/user-uid.test.ts	test-fixture	test or fixture path
src/application/__tests__/view-loader.test.ts	test-fixture	test or fixture path
src/application/__tests__/view-utils.test.ts	test-fixture	test or fixture path
src/application/awareness/__tests__/selector.test.tsx	test-fixture	test or fixture path
src/application/awareness/dispatch.ts	reviewed	batch 302 last-line length matched; model not tool-verified grok
src/application/awareness/index.ts	reviewed	batch 302 last-line length matched; model not tool-verified grok
src/application/awareness/selector.ts	reviewed	batch 302 last-line length matched; model not tool-verified grok
src/application/awareness/types.ts	reviewed	batch 302 last-line length matched; model not tool-verified grok
src/application/awareness/utils.ts	reviewed	batch 302 last-line length matched; model not tool-verified grok
src/application/collab-version.type.ts	reviewed	batch 302 last-line length matched; model not tool-verified grok
src/application/comment.type.ts	reviewed	batch 303 last-line length matched; model not tool-verified grok
src/application/constants.ts	reviewed	batch 303 last-line length matched; model not tool-verified grok
src/application/database-blob/__tests__/page-stage.test.ts	test-fixture	test or fixture path
src/application/database-blob/__tests__/prefetch-dedup.test.ts	test-fixture	test or fixture path
src/application/database-blob/index.ts	reviewed	batch 303 last-line length matched; model not tool-verified grok
src/application/database-blob/page-stage.ts	reviewed	batch 303 last-line length matched; model not tool-verified grok
src/application/database-blob/row-seed-fence.ts	reviewed	batch 303 last-line length matched; model not tool-verified grok
src/application/database-block.ts	reviewed	batch 303 last-line length matched; model not tool-verified grok
src/application/database-yjs/__tests__/__fixtures__/authors.afdb	test-fixture	test or fixture path
src/application/database-yjs/__tests__/__fixtures__/blog_posts.afdb	test-fixture	test or fixture path
src/application/database-yjs/__tests__/__fixtures__/customers.afdb	test-fixture	test or fixture path
src/application/database-yjs/__tests__/__fixtures__/database_template_1.afdb	test-fixture	test or fixture path
src/application/database-yjs/__tests__/__fixtures__/ingredients.afdb	test-fixture	test or fixture path
src/application/database-yjs/__tests__/__fixtures__/orders.afdb	test-fixture	test or fixture path
src/application/database-yjs/__tests__/__fixtures__/project.csv	test-fixture	test or fixture path
src/application/database-yjs/__tests__/__fixtures__/recipes.afdb	test-fixture	test or fixture path
src/application/database-yjs/__tests__/__fixtures__/tasks.afdb	test-fixture	test or fixture path
src/application/database-yjs/__tests__/__fixtures__/v020.afdb	test-fixture	test or fixture path
src/application/database-yjs/__tests__/__fixtures__/v069.afdb	test-fixture	test or fixture path
src/application/database-yjs/__tests__/__fixtures__/v070.afdb	test-fixture	test or fixture path
src/application/database-yjs/__tests__/board-visibility.test.ts	test-fixture	test or fixture path
src/application/database-yjs/__tests__/calculation.test.ts	test-fixture	test or fixture path
src/application/database-yjs/__tests__/cell-field-type-migration.test.ts	test-fixture	test or fixture path
src/application/database-yjs/__tests__/cell-media-type-switch.test.tsx	test-fixture	test or fixture path
src/application/database-yjs/__tests__/cell.parse.lazy.test.ts	test-fixture	test or fixture path
src/application/database-yjs/__tests__/cell.transform.test.ts	test-fixture	test or fixture path
src/application/database-yjs/__tests__/csv-import.test.ts	test-fixture	test or fixture path
src/application/database-yjs/__tests__/database-view-duplicate.test.ts	test-fixture	test or fixture path
src/application/database-yjs/__tests__/decode.lazy.test.ts	test-fixture	test or fixture path
src/application/database-yjs/__tests__/field-type-conversion.test.tsx	test-fixture	test or fixture path
src/application/database-yjs/__tests__/field-wrap-default.test.tsx	test-fixture	test or fixture path
src/application/database-yjs/__tests__/filter-default-and-rollup.test.ts	test-fixture	test or fixture path
src/application/database-yjs/__tests__/filter.test.ts	test-fixture	test or fixture path
src/application/database-yjs/__tests__/gallery-layout.creation.test.ts	test-fixture	test or fixture path
src/application/database-yjs/__tests__/gallery-prefill.test.ts	test-fixture	test or fixture path
src/application/database-yjs/__tests__/gallery-selector.test.tsx	test-fixture	test or fixture path
src/application/database-yjs/__tests__/group.test.ts	test-fixture	test or fixture path
src/application/database-yjs/__tests__/list-filter-sort-desktop-parity.test.ts	test-fixture	test or fixture path
src/application/database-yjs/__tests__/list-layout.creation.test.ts	test-fixture	test or fixture path
src/application/database-yjs/__tests__/pre-fill.test.ts	test-fixture	test or fixture path
src/application/database-yjs/__tests__/relation-desktop-parity.test.ts	test-fixture	test or fixture path
src/application/database-yjs/__tests__/relation-rollup-filter.test.ts	test-fixture	test or fixture path
src/application/database-yjs/__tests__/relation-rollup.test.ts	test-fixture	test or fixture path
src/application/database-yjs/__tests__/relation-two-way-reciprocal.test.tsx	test-fixture	test or fixture path
src/application/database-yjs/__tests__/rollup-desktop-parity.test.ts	test-fixture	test or fixture path
src/application/database-yjs/__tests__/rollup-filter-conditions.test.ts	test-fixture	test or fixture path
src/application/database-yjs/__tests__/rollup-relation-target.test.ts	test-fixture	test or fixture path
src/application/database-yjs/__tests__/row-lifecycle.test.ts	test-fixture	test or fixture path
src/application/database-yjs/__tests__/row-order-visibility.test.ts	test-fixture	test or fixture path
src/application/database-yjs/__tests__/row.test.ts	test-fixture	test or fixture path
src/application/database-yjs/__tests__/selector.field-type.test.tsx	test-fixture	test or fixture path
src/application/database-yjs/__tests__/shared-yjs-observer.test.ts	test-fixture	test or fixture path
src/application/database-yjs/__tests__/sort.test.ts	test-fixture	test or fixture path
src/application/database-yjs/__tests__/test-helpers.ts	test-fixture	test or fixture path
src/application/database-yjs/__tests__/useAddDatabaseView.test.tsx	test-fixture	test or fixture path
src/application/database-yjs/__tests__/useConditionSelectors.test.tsx	test-fixture	test or fixture path
src/application/database-yjs/__tests__/useDatabaseIdFromField.test.tsx	test-fixture	test or fixture path
src/application/database-yjs/__tests__/useDatabaseViewsSelector.test.tsx	test-fixture	test or fixture path
src/application/database-yjs/__tests__/useDeleteView.test.tsx	test-fixture	test or fixture path
src/application/database-yjs/__tests__/useDuplicatePropertyDispatch.test.tsx	test-fixture	test or fixture path
src/application/database-yjs/__tests__/useDuplicateRowDispatch.test.tsx	test-fixture	test or fixture path
src/application/database-yjs/__tests__/useGridGroupingSelector.test.tsx	test-fixture	test or fixture path
src/application/database-yjs/__tests__/useGroup.test.tsx	test-fixture	test or fixture path
src/application/database-yjs/__tests__/useMoveCardDispatch.test.tsx	test-fixture	test or fixture path
src/application/database-yjs/__tests__/useNewRowTemplateDispatch.test.tsx	test-fixture	test or fixture path
src/application/database-yjs/__tests__/useRowCommentCount.test.tsx	test-fixture	test or fixture path
src/application/database-yjs/__tests__/useRowMetaSelector.test.tsx	test-fixture	test or fixture path
src/application/database-yjs/__tests__/useRowOrdersSelector.test.tsx	test-fixture	test or fixture path
src/application/database-yjs/__tests__/useRowsByGroup.test.tsx	test-fixture	test or fixture path
src/application/database-yjs/__tests__/useTrashAwareDeleteRowsDispatch.test.tsx	test-fixture	test or fixture path
src/application/database-yjs/__tests__/useUpdateCellDispatch.test.tsx	test-fixture	test or fixture path
src/application/database-yjs/attribution.ts	reviewed	batch 303 last-line length matched; model not tool-verified grok
src/application/database-yjs/board-visibility.ts	reviewed	batch 303 last-line length matched; model not tool-verified grok
src/application/database-yjs/calculation.ts	reviewed	batch 303 last-line length matched; model not tool-verified grok
src/application/database-yjs/cell.clone.ts	reviewed	batch 303 last-line length matched; model not tool-verified grok
src/application/database-yjs/cell.field-type.ts	reviewed	batch 303 last-line length matched; model not tool-verified grok
src/application/database-yjs/cell.parse.ts	reviewed	batch 303 last-line length matched; model not tool-verified grok
src/application/database-yjs/cell.type.ts	reviewed	batch 303 last-line length matched; model not tool-verified grok
src/application/database-yjs/chart.type.ts	reviewed	batch 303 last-line length matched; model not tool-verified grok
src/application/database-yjs/comment_dispatch.ts	reviewed	batch 303 last-line length matched; model not tool-verified grok
src/application/database-yjs/comment_selector.ts	reviewed	batch 304 last-line length matched; model not tool-verified grok
src/application/database-yjs/condition-value-cache.ts	reviewed	batch 304 last-line length matched; model not tool-verified grok
src/application/database-yjs/const.ts	reviewed	batch 304 last-line length matched; model not tool-verified grok
src/application/database-yjs/context.ts	reviewed	batch 304 last-line length matched; model not tool-verified grok
src/application/database-yjs/database.hydration.ts	reviewed	batch 304 last-line length matched; model not tool-verified grok
src/application/database-yjs/database.type.ts	reviewed	batch 304 last-line length matched; model not tool-verified grok
src/application/database-yjs/decode.ts	reviewed	batch 304 last-line length matched; model not tool-verified grok
src/application/database-yjs/dispatch.ts	reviewed	batch 304 last-line length matched; model not tool-verified grok
src/application/database-yjs/dispatch/calculation.ts	reviewed	batch 304 last-line length matched; model not tool-verified grok
src/application/database-yjs/dispatch/cell.ts	reviewed	batch 304 last-line length matched; model not tool-verified grok
src/application/database-yjs/dispatch/field.ts	reviewed	batch 304 last-line length matched; model not tool-verified grok
src/application/database-yjs/dispatch/group.ts	reviewed	batch 304 last-line length matched; model not tool-verified grok
src/application/database-yjs/dispatch/index.ts	reviewed	batch 304 last-line length matched; model not tool-verified grok
src/application/database-yjs/dispatch/relation.ts	reviewed	batch 304 last-line length matched; model not tool-verified grok
src/application/database-yjs/dispatch/row-lifecycle.ts	reviewed	batch 304 last-line length matched; model not tool-verified grok
src/application/database-yjs/dispatch/row.ts	reviewed	batch 305 last-line length matched; model not tool-verified grok; main-session skipped row delete when the id is not in row_orders
src/application/database-yjs/dispatch/sort-filter.ts	reviewed	batch 305 last-line length matched; model not tool-verified grok
src/application/database-yjs/dispatch/type-option.ts	reviewed	batch 305 last-line length matched; model not tool-verified grok
src/application/database-yjs/dispatch/utils.ts	reviewed	batch 305 last-line length matched; model not tool-verified grok
src/application/database-yjs/dispatch/view.ts	reviewed	batch 305 last-line length matched; model not tool-verified grok
src/application/database-yjs/fields/ai-translate/index.ts	reviewed	batch 305 last-line length matched; model not tool-verified grok
src/application/database-yjs/fields/ai-translate/parse.ts	reviewed	batch 305 last-line length matched; model not tool-verified grok
src/application/database-yjs/fields/checkbox/checkbox.type.ts	reviewed	batch 305 last-line length matched; model not tool-verified grok
src/application/database-yjs/fields/checkbox/index.ts	reviewed	batch 305 last-line length matched; model not tool-verified grok
src/application/database-yjs/fields/checkbox/utils.ts	reviewed	batch 305 last-line length matched; model not tool-verified grok
src/application/database-yjs/fields/checklist/checklist.type.ts	reviewed	batch 305 last-line length matched; model not tool-verified grok
src/application/database-yjs/fields/checklist/index.ts	reviewed	batch 305 last-line length matched; model not tool-verified grok
src/application/database-yjs/fields/checklist/parse.ts	reviewed	batch 305 last-line length matched; model not tool-verified grok
src/application/database-yjs/fields/date/date.type.ts	reviewed	batch 305 last-line length matched; model not tool-verified grok
src/application/database-yjs/fields/date/desktop-parse.ts	reviewed	batch 305 last-line length matched; model not tool-verified grok
src/application/database-yjs/fields/date/index.ts	reviewed	batch 306 last-line length matched; model not tool-verified grok
src/application/database-yjs/fields/date/relativeDate.test.ts	reviewed	batch 306 last-line length matched; model not tool-verified grok
src/application/database-yjs/fields/date/relativeDate.ts	reviewed	batch 306 last-line length matched; model not tool-verified grok
src/application/database-yjs/fields/date/utils.test.ts	reviewed	batch 306 last-line length matched; model not tool-verified grok
src/application/database-yjs/fields/date/utils.ts	reviewed	batch 306 last-line length matched; model not tool-verified grok
src/application/database-yjs/fields/index.ts	reviewed	batch 306 last-line length matched; model not tool-verified grok
src/application/database-yjs/fields/media/parse.ts	reviewed	batch 306 last-line length matched; model not tool-verified grok
src/application/database-yjs/fields/media/utils.ts	reviewed	batch 306 last-line length matched; model not tool-verified grok
src/application/database-yjs/fields/number/EnhancedBigStats.ts	reviewed	batch 306 last-line length matched; model not tool-verified grok
src/application/database-yjs/fields/number/format.ts	reviewed	batch 306 last-line length matched; model not tool-verified grok
src/application/database-yjs/fields/number/index.ts	reviewed	batch 306 last-line length matched; model not tool-verified grok
src/application/database-yjs/fields/number/number.type.ts	reviewed	batch 306 last-line length matched; model not tool-verified grok
src/application/database-yjs/fields/number/parse.ts	reviewed	batch 306 last-line length matched; model not tool-verified grok
src/application/database-yjs/fields/person/index.ts	reviewed	batch 306 last-line length matched; model not tool-verified grok
src/application/database-yjs/fields/person/parse.ts	reviewed	batch 306 last-line length matched; model not tool-verified grok
src/application/database-yjs/fields/person/person.type.ts	reviewed	batch 307 last-line length matched; model not tool-verified grok
src/application/database-yjs/fields/relation/index.ts	reviewed	batch 307 last-line length matched; model not tool-verified grok
src/application/database-yjs/fields/relation/parse.ts	reviewed	batch 307 last-line length matched; model not tool-verified grok
src/application/database-yjs/fields/relation/relation.type.ts	reviewed	batch 307 last-line length matched; model not tool-verified grok
src/application/database-yjs/fields/relation/utils.ts	reviewed	batch 307 last-line length matched; model not tool-verified grok
src/application/database-yjs/fields/rollup/index.ts	reviewed	batch 307 last-line length matched; model not tool-verified grok
src/application/database-yjs/fields/rollup/parse.ts	reviewed	batch 307 last-line length matched; model not tool-verified grok
src/application/database-yjs/fields/rollup/rollup.type.ts	reviewed	batch 307 last-line length matched; model not tool-verified grok
src/application/database-yjs/fields/rollup/utils.ts	reviewed	batch 307 last-line length matched; model not tool-verified grok
src/application/database-yjs/fields/select-option/index.ts	reviewed	batch 307 last-line length matched; model not tool-verified grok
src/application/database-yjs/fields/select-option/parse.ts	reviewed	batch 307 last-line length matched; model not tool-verified grok
src/application/database-yjs/fields/select-option/select_option.type.ts	reviewed	batch 307 last-line length matched; model not tool-verified grok
src/application/database-yjs/fields/select-option/utils.ts	reviewed	batch 307 last-line length matched; model not tool-verified grok
src/application/database-yjs/fields/text/index.ts	reviewed	batch 307 last-line length matched; model not tool-verified grok
src/application/database-yjs/fields/text/text.type.ts	reviewed	batch 307 last-line length matched; model not tool-verified grok
src/application/database-yjs/fields/text/utils.ts	reviewed	batch 308 last-line length matched; model not tool-verified grok
src/application/database-yjs/fields/type_option.ts	reviewed	batch 308 last-line length matched; model not tool-verified grok
src/application/database-yjs/fields/url/url.type.ts	reviewed	batch 308 last-line length matched; model not tool-verified grok
src/application/database-yjs/filter.ts	reviewed	batch 308 last-line length matched; model not tool-verified grok
src/application/database-yjs/gallery-layout.ts	reviewed	batch 308 last-line length matched; model not tool-verified grok
src/application/database-yjs/group-column.ts	reviewed	batch 308 last-line length matched; model not tool-verified grok
src/application/database-yjs/group.ts	reviewed	batch 308 last-line length matched; model not tool-verified grok
src/application/database-yjs/hooks/__tests__/rollupMetadataLoading.test.tsx	test-fixture	test or fixture path
src/application/database-yjs/hooks/__tests__/useBackgroundRowDocLoader.test.tsx	test-fixture	test or fixture path
src/application/database-yjs/hooks/index.ts	reviewed	batch 308 last-line length matched; model not tool-verified grok
src/application/database-yjs/hooks/useBackgroundRowDocLoader.ts	reviewed	batch 308 last-line length matched; model not tool-verified grok
src/application/database-yjs/hooks/useRollupFieldObservers.ts	reviewed	batch 308 last-line length matched; model not tool-verified grok
src/application/database-yjs/index.ts	reviewed	batch 308 last-line length matched; model not tool-verified grok
src/application/database-yjs/list-layout.ts	reviewed	batch 308 last-line length matched; model not tool-verified grok
src/application/database-yjs/migrations/rollup_fieldtype.ts	reviewed	batch 308 last-line length matched; model not tool-verified grok
src/application/database-yjs/relation/cache.ts	reviewed	batch 308 last-line length matched; model not tool-verified grok
src/application/database-yjs/relation/cell.ts	reviewed	batch 308 last-line length matched; model not tool-verified grok
src/application/database-yjs/rollup/cache.ts	reviewed	batch 309 last-line length matched; model not tool-verified grok
src/application/database-yjs/rollup/utils.ts	reviewed	batch 309 last-line length matched; model not tool-verified grok
src/application/database-yjs/row-order-visibility.ts	reviewed	batch 309 last-line length matched; model not tool-verified grok
src/application/database-yjs/row-sync.ts	reviewed	batch 309 last-line length matched; model not tool-verified grok
src/application/database-yjs/row.hydration.ts	reviewed	batch 309 last-line length matched; model not tool-verified grok
src/application/database-yjs/row.ts	reviewed	batch 309 last-line length matched; model not tool-verified grok
src/application/database-yjs/row_comment.ts	reviewed	batch 309 last-line length matched; model not tool-verified grok
src/application/database-yjs/row_meta.ts	reviewed	batch 309 last-line length matched; model not tool-verified grok
src/application/database-yjs/selector.ts	reviewed	batch 309 last-line length matched; model not tool-verified grok
src/application/database-yjs/shared-yjs-observer.ts	reviewed	batch 309 last-line length matched; model not tool-verified grok
src/application/database-yjs/sort.ts	reviewed	batch 309 last-line length matched; model not tool-verified grok; main-session skipped a sort whose field is gone
src/application/database-yjs/template/__tests__/cell.test.ts	test-fixture	test or fixture path
src/application/database-yjs/template/__tests__/codec.test.ts	test-fixture	test or fixture path
src/application/database-yjs/template/__tests__/decoration.test.ts	test-fixture	test or fixture path
src/application/database-yjs/template/__tests__/store.test.ts	test-fixture	test or fixture path
src/application/database-yjs/template/cell.ts	reviewed	batch 309 last-line length matched; model not tool-verified grok
src/application/database-yjs/template/codec.ts	reviewed	batch 309 last-line length matched; model not tool-verified grok
src/application/database-yjs/template/decoration.ts	reviewed	batch 309 last-line length matched; model not tool-verified grok
src/application/database-yjs/template/hooks.ts	reviewed	batch 309 last-line length matched; model not tool-verified grok
src/application/database-yjs/template/index.ts	reviewed	batch 310 last-line length matched; model not tool-verified grok
src/application/database-yjs/template/store.ts	reviewed	batch 310 last-line length matched; model not tool-verified grok
src/application/database-yjs/template/types.ts	reviewed	batch 310 last-line length matched; model not tool-verified grok
src/application/db/__tests__/index.test.ts	test-fixture	test or fixture path
src/application/db/__tests__/indexeddb-exists.test.ts	test-fixture	test or fixture path
src/application/db/index.ts	reviewed	batch 310 last-line length matched; model not tool-verified grok
src/application/db/tables/app_view_cache.ts	reviewed	batch 310 last-line length matched; model not tool-verified grok
src/application/db/tables/collab_storage.ts	reviewed	batch 310 last-line length matched; model not tool-verified grok
src/application/db/tables/rows.ts	reviewed	batch 310 last-line length matched; model not tool-verified grok
src/application/db/tables/sync_outbox.ts	reviewed	batch 310 last-line length matched; model not tool-verified grok
src/application/db/tables/users.ts	reviewed	batch 310 last-line length matched; model not tool-verified grok
src/application/db/tables/versions.ts	reviewed	batch 310 last-line length matched; model not tool-verified grok
src/application/db/tables/view_metas.ts	reviewed	batch 310 last-line length matched; model not tool-verified grok
src/application/db/tables/workspace_database_catalog.ts	reviewed	batch 310 last-line length matched; model not tool-verified grok
src/application/db/tables/workspace_member_profiles.ts	reviewed	batch 310 last-line length matched; model not tool-verified grok
src/application/inline-comment.ts	reviewed	batch 310 last-line length matched; model not tool-verified grok
src/application/publish-snapshot/__fixtures__/published-page-snapshots.ts	reviewed	batch 310 last-line length matched; model not tool-verified grok
src/application/publish-snapshot/__tests__/data-source.test.ts	test-fixture	test or fixture path
src/application/publish-snapshot/__tests__/database-yjs-render-bridge.test.ts	test-fixture	test or fixture path
src/application/publish-snapshot/__tests__/document-yjs-render-bridge.test.ts	test-fixture	test or fixture path
src/application/publish-snapshot/__tests__/http-json-adapter.test.ts	test-fixture	test or fixture path
src/application/publish-snapshot/__tests__/json-api-adapter.test.ts	test-fixture	test or fixture path
src/application/publish-snapshot/data-source.ts	reviewed	batch 311 last-line length matched; model not tool-verified grok
src/application/publish-snapshot/database-yjs-render-bridge.ts	reviewed	batch 311 last-line length matched; model not tool-verified grok
src/application/publish-snapshot/document-yjs-render-bridge.ts	reviewed	batch 311 last-line length matched; model not tool-verified grok
src/application/publish-snapshot/http-json-adapter.ts	reviewed	batch 311 last-line length matched; model not tool-verified grok
src/application/publish-snapshot/index.ts	reviewed	batch 311 last-line length matched; model not tool-verified grok
src/application/publish-snapshot/json-api-adapter.ts	reviewed	batch 311 last-line length matched; model not tool-verified grok
src/application/publish-snapshot/normalize.ts	reviewed	batch 311 last-line length matched; model not tool-verified grok
src/application/publish-snapshot/types.ts	reviewed	batch 311 last-line length matched; model not tool-verified grok
src/application/publish/__tests__/context.test.tsx	test-fixture	test or fixture path
src/application/publish/context.tsx	reviewed	batch 311 last-line length matched; model not tool-verified grok
src/application/publish/index.ts	reviewed	batch 311 last-line length matched; model not tool-verified grok
src/application/row-comment.type.ts	reviewed	batch 311 last-line length matched; model not tool-verified grok
src/application/row-document/__tests__/lifecycle.test.ts	test-fixture	test or fixture path
src/application/row-document/lifecycle.ts	reviewed	batch 311 last-line length matched; model not tool-verified grok
src/application/row-document/row-page-state.ts	reviewed	batch 311 last-line length matched; model not tool-verified grok
src/application/services/domains/access.ts	reviewed	batch 311 last-line length matched; model not tool-verified grok
src/application/services/domains/ai.ts	reviewed	batch 311 last-line length matched; model not tool-verified grok
src/application/services/domains/auth.ts	reviewed	batch 312 last-line length matched; model not tool-verified grok
src/application/services/domains/billing.ts	reviewed	batch 312 last-line length matched; model not tool-verified grok
src/application/services/domains/collab.ts	reviewed	batch 312 last-line length matched; model not tool-verified grok
src/application/services/domains/export.ts	reviewed	batch 312 last-line length matched; model not tool-verified grok
src/application/services/domains/file.ts	reviewed	batch 312 last-line length matched; model not tool-verified grok
src/application/services/domains/index.ts	reviewed	batch 312 last-line length matched; model not tool-verified grok
src/application/services/domains/inline-comment.ts	reviewed	batch 312 last-line length matched; model not tool-verified grok
src/application/services/domains/notification.ts	reviewed	batch 312 last-line length matched; model not tool-verified grok
src/application/services/domains/page.ts	reviewed	batch 312 last-line length matched; model not tool-verified grok
src/application/services/domains/publish.ts	reviewed	batch 312 last-line length matched; model not tool-verified grok
src/application/services/domains/quick-note.ts	reviewed	batch 312 last-line length matched; model not tool-verified grok
src/application/services/domains/row.ts	reviewed	batch 312 last-line length matched; model not tool-verified grok
src/application/services/domains/search.ts	reviewed	batch 312 last-line length matched; model not tool-verified grok
src/application/services/domains/template.ts	reviewed	batch 312 last-line length matched; model not tool-verified grok
src/application/services/domains/user.ts	reviewed	batch 312 last-line length matched; model not tool-verified grok
src/application/services/domains/view.ts	reviewed	batch 313 last-line length matched; model not tool-verified grok
src/application/services/domains/workspace.ts	reviewed	batch 313 last-line length matched; model not tool-verified grok
src/application/services/js-services/__tests__/cached-api.app-trash-cache.test.ts	test-fixture	test or fixture path
src/application/services/js-services/__tests__/cached-api.app-view-cache.test.ts	test-fixture	test or fixture path
src/application/services/js-services/__tests__/fetch.test.ts	test-fixture	test or fixture path
src/application/services/js-services/__tests__/publish-database-data.test.ts	test-fixture	test or fixture path
src/application/services/js-services/__tests__/sync.test.ts	test-fixture	test or fixture path
src/application/services/js-services/__tests__/workspace-database-catalog.test.ts	test-fixture	test or fixture path
src/application/services/js-services/__tests__/workspace-view-metadata.test.ts	test-fixture	test or fixture path
src/application/services/js-services/cache/__tests__/cache.test.ts	test-fixture	test or fixture path
src/application/services/js-services/cache/index.ts	reviewed	batch 313 last-line length matched; model not tool-verified grok
src/application/services/js-services/cache/types.ts	reviewed	batch 313 last-line length matched; model not tool-verified grok
src/application/services/js-services/cached-api.ts	reviewed	batch 313 last-line length matched; model not tool-verified grok
src/application/services/js-services/device-id.ts	reviewed	batch 313 last-line length matched; model not tool-verified grok
src/application/services/js-services/fetch.ts	reviewed	batch 313 last-line length matched; model not tool-verified grok
src/application/services/js-services/history.ts	reviewed	batch 313 last-line length matched; model not tool-verified grok
src/application/services/js-services/http/__tests__/auth.integration.test.ts	test-fixture	test or fixture path
src/application/services/js-services/http/__tests__/collab-api.test.ts	test-fixture	test or fixture path
src/application/services/js-services/http/__tests__/collab.integration.test.ts	test-fixture	test or fixture path
src/application/services/js-services/http/__tests__/file-import.integration.test.ts	test-fixture	test or fixture path
src/application/services/js-services/http/__tests__/gotrue-refresh-dedup.test.ts	test-fixture	test or fixture path
src/application/services/js-services/http/__tests__/gotrue.test.ts	test-fixture	test or fixture path
src/application/services/js-services/http/__tests__/http_api.test.ts	test-fixture	test or fixture path
src/application/services/js-services/http/__tests__/import-api.test.ts	test-fixture	test or fixture path
src/application/services/js-services/http/__tests__/inline-comment-api.test.ts	test-fixture	test or fixture path
src/application/services/js-services/http/__tests__/invitation.integration.test.ts	test-fixture	test or fixture path
src/application/services/js-services/http/__tests__/mention.integration.test.ts	test-fixture	test or fixture path
src/application/services/js-services/http/__tests__/misc-api.test.ts	test-fixture	test or fixture path
src/application/services/js-services/http/__tests__/page-api.test.ts	test-fixture	test or fixture path
src/application/services/js-services/http/__tests__/page.integration.test.ts	test-fixture	test or fixture path
src/application/services/js-services/http/__tests__/publish.integration.test.ts	test-fixture	test or fixture path
src/application/services/js-services/http/__tests__/quick-note.integration.test.ts	test-fixture	test or fixture path
src/application/services/js-services/http/__tests__/setup.ts	test-fixture	test or fixture path
src/application/services/js-services/http/__tests__/template.integration.test.ts	test-fixture	test or fixture path
src/application/services/js-services/http/__tests__/trash.integration.test.ts	test-fixture	test or fixture path
src/application/services/js-services/http/__tests__/user-profile.integration.test.ts	test-fixture	test or fixture path
src/application/services/js-services/http/__tests__/view-api.test.ts	test-fixture	test or fixture path
src/application/services/js-services/http/__tests__/view.integration.test.ts	test-fixture	test or fixture path
src/application/services/js-services/http/__tests__/workspace.integration.test.ts	test-fixture	test or fixture path
src/application/services/js-services/http/access-api.ts	reviewed	batch 313 last-line length matched; model not tool-verified grok
src/application/services/js-services/http/auth-api.ts	reviewed	batch 313 last-line length matched; model not tool-verified grok
src/application/services/js-services/http/billing-api.ts	reviewed	batch 313 last-line length matched; model not tool-verified grok
src/application/services/js-services/http/cloud-auth.ts	reviewed	batch 313 last-line length matched; model not tool-verified grok
src/application/services/js-services/http/collab-api.ts	reviewed	batch 313 last-line length matched; model not tool-verified grok
src/application/services/js-services/http/core.ts	reviewed	batch 313 last-line length matched; model not tool-verified grok
src/application/services/js-services/http/export-api.ts	reviewed	batch 313 last-line length matched; model not tool-verified grok
src/application/services/js-services/http/file-api.ts	reviewed	batch 314 last-line length matched; model not tool-verified grok
src/application/services/js-services/http/gotrue-error.ts	reviewed	batch 314 last-line length matched; model not tool-verified grok
src/application/services/js-services/http/gotrue.ts	reviewed	batch 314 last-line length matched; model not tool-verified grok
src/application/services/js-services/http/http_api.ts	reviewed	batch 314 last-line length matched; model not tool-verified grok
src/application/services/js-services/http/import-api.ts	reviewed	batch 314 last-line length matched; model not tool-verified grok
src/application/services/js-services/http/index.ts	reviewed	batch 314 last-line length matched; model not tool-verified grok
src/application/services/js-services/http/inline-comment-api.ts	reviewed	batch 314 last-line length matched; model not tool-verified grok
src/application/services/js-services/http/misc-api.ts	reviewed	batch 314 last-line length matched; model not tool-verified grok
src/application/services/js-services/http/multipart-upload-store.ts	reviewed	batch 314 last-line length matched; model not tool-verified grok
src/application/services/js-services/http/multipart-upload.ts	reviewed	batch 314 last-line length matched; model not tool-verified grok
src/application/services/js-services/http/multipart-upload.types.ts	reviewed	batch 314 last-line length matched; model not tool-verified grok
src/application/services/js-services/http/notification-api.ts	reviewed	batch 314 last-line length matched; model not tool-verified grok
src/application/services/js-services/http/page-api.ts	reviewed	batch 314 last-line length matched; model not tool-verified grok
src/application/services/js-services/http/publish-api.ts	reviewed	batch 314 last-line length matched; model not tool-verified grok
src/application/services/js-services/http/template-api.ts	reviewed	batch 314 last-line length matched; model not tool-verified grok
src/application/services/js-services/http/user-api.ts	reviewed	batch 315 last-line length matched; model not tool-verified grok
src/application/services/js-services/http/utils.ts	reviewed	batch 315 last-line length matched; model not tool-verified grok
src/application/services/js-services/http/view-api.ts	reviewed	batch 315 last-line length matched; model not tool-verified grok
src/application/services/js-services/http/workspace-api.ts	reviewed	batch 315 last-line length matched; model not tool-verified grok
src/application/services/js-services/publish-database-data.ts	reviewed	batch 315 last-line length matched; model not tool-verified grok
src/application/services/js-services/sync-protocol.ts	reviewed	batch 315 last-line length matched; model not tool-verified grok
src/application/services/js-services/workspace-database-catalog.ts	reviewed	batch 315 last-line length matched; model not tool-verified grok
src/application/services/js-services/workspace-view-metadata.ts	reviewed	batch 315 last-line length matched; model not tool-verified grok
src/application/services/services.type.ts	reviewed	batch 315 last-line length matched; model not tool-verified grok
src/application/session/__tests__/sign_in.test.ts	test-fixture	test or fixture path
src/application/session/__tests__/token.test.ts	test-fixture	test or fixture path
src/application/session/event.ts	reviewed	batch 315 last-line length matched; model not tool-verified grok
src/application/session/index.ts	reviewed	batch 315 last-line length matched; model not tool-verified grok
src/application/session/sign_in.ts	reviewed	batch 315 last-line length matched; model not tool-verified grok
src/application/session/token.ts	reviewed	batch 315 last-line length matched; model not tool-verified grok
src/application/slate-yjs/__tests__/applyRemoteEvents.ts	test-fixture	test or fixture path
src/application/slate-yjs/__tests__/applyToSlate.test.ts	test-fixture	test or fixture path
src/application/slate-yjs/__tests__/command.test.ts	test-fixture	test or fixture path
src/application/slate-yjs/__tests__/convert.test.ts	test-fixture	test or fixture path
src/application/slate-yjs/__tests__/convert.ts	test-fixture	test or fixture path
src/application/slate-yjs/__tests__/convert_more.test.ts	test-fixture	test or fixture path
src/application/slate-yjs/__tests__/index.test.ts	test-fixture	test or fixture path
src/application/slate-yjs/__tests__/transformSelection.test.ts	test-fixture	test or fixture path
src/application/slate-yjs/__tests__/withTestingYjsEditor.ts	test-fixture	test or fixture path
src/application/slate-yjs/__tests__/withYjs.selection.test.ts	test-fixture	test or fixture path
src/application/slate-yjs/__tests__/yjs-utils.test.ts	test-fixture	test or fixture path
src/application/slate-yjs/command/const.ts	reviewed	batch 315 last-line length matched; model not tool-verified grok
src/application/slate-yjs/command/index.ts	reviewed	batch 315 last-line length matched; model not tool-verified grok
src/application/slate-yjs/index.ts	reviewed	batch 316 last-line length matched; model not tool-verified grok
src/application/slate-yjs/plugins/withHistory.ts	reviewed	batch 316 last-line length matched; model not tool-verified grok
src/application/slate-yjs/plugins/withYjs.ts	reviewed	batch 316 last-line length matched; model not tool-verified grok
src/application/slate-yjs/types.ts	reviewed	batch 316 last-line length matched; model not tool-verified grok
src/application/slate-yjs/utils/applyTextToSlate.ts	reviewed	batch 316 last-line length matched; model not tool-verified grok
src/application/slate-yjs/utils/applyToSlate.ts	reviewed	batch 316 last-line length matched; model not tool-verified grok
src/application/slate-yjs/utils/applyToYjs.ts	reviewed	batch 316 last-line length matched; model not tool-verified grok
src/application/slate-yjs/utils/convert.ts	reviewed	batch 316 last-line length matched; model not tool-verified grok
src/application/slate-yjs/utils/editor.ts	reviewed	batch 316 last-line length matched; model not tool-verified grok
src/application/slate-yjs/utils/positions.ts	reviewed	batch 316 last-line length matched; model not tool-verified grok
src/application/slate-yjs/utils/simple-table-attributes.ts	reviewed	batch 316 last-line length matched; model not tool-verified grok
src/application/slate-yjs/utils/simple-table-operations.ts	reviewed	batch 316 last-line length matched; model not tool-verified grok
src/application/slate-yjs/utils/table.ts	reviewed	batch 316 last-line length matched; model not tool-verified grok
src/application/slate-yjs/utils/transformSelection.ts	reviewed	batch 316 last-line length matched; model not tool-verified grok
src/application/slate-yjs/utils/yjs.ts	reviewed	batch 316 last-line length matched; model not tool-verified grok
src/application/sync-outbox/__tests__/sync-outbox.test.ts	test-fixture	test or fixture path
src/application/sync-outbox/index.ts	reviewed	batch 317 last-line length matched; model not tool-verified grok
src/application/template.type.ts	reviewed	batch 317 last-line length matched; model not tool-verified grok
src/application/types.ts	reviewed	batch 317 last-line length matched; model not tool-verified grok
src/application/user-metadata.ts	reviewed	batch 317 last-line length matched; model not tool-verified grok
src/application/user-timezone.types.ts	reviewed	batch 317 last-line length matched; model not tool-verified grok
src/application/user-uid.ts	reviewed	batch 317 last-line length matched; model not tool-verified grok
src/application/utils/error-utils.ts	reviewed	batch 317 last-line length matched; model not tool-verified grok
src/application/view-loader/index.ts	reviewed	batch 317 last-line length matched; model not tool-verified grok
src/application/view-utils.ts	reviewed	batch 317 last-line length matched; model not tool-verified grok
src/application/ydoc/apply/__tests__/document.test.ts	test-fixture	test or fixture path
src/application/ydoc/apply/index.ts	reviewed	batch 317 last-line length matched; model not tool-verified grok
src/assets/icons/2_columns.svg	asset	binary or font asset, not executable logic
src/assets/icons/3_columns.svg	asset	binary or font asset, not executable logic
src/assets/icons/4_columns.svg	asset	binary or font asset, not executable logic
src/assets/icons/add_comment_reaction.svg	asset	binary or font asset, not executable logic
src/assets/icons/add_emoji.svg	asset	binary or font asset, not executable logic
src/assets/icons/add_new_page.svg	asset	binary or font asset, not executable logic
src/assets/icons/add_to_page.svg	asset	binary or font asset, not executable logic
src/assets/icons/admin_half.svg	asset	binary or font asset, not executable logic
src/assets/icons/admin_head.svg	asset	binary or font asset, not executable logic
src/assets/icons/ai.svg	asset	binary or font asset, not executable logic
src/assets/icons/ai_chat.svg	asset	binary or font asset, not executable logic
src/assets/icons/ai_improve_writing.svg	asset	binary or font asset, not executable logic
src/assets/icons/ai_indicator.svg	asset	binary or font asset, not executable logic
src/assets/icons/ai_meeting_transcript_tab.svg	asset	binary or font asset, not executable logic
src/assets/icons/ai_notes.svg	asset	binary or font asset, not executable logic
src/assets/icons/ai_reference_warning.svg	asset	binary or font asset, not executable logic
src/assets/icons/ai_regenerate.svg	asset	binary or font asset, not executable logic
src/assets/icons/ai_searching_icon.svg	asset	binary or font asset, not executable logic
src/assets/icons/ai_stop_answering.svg	asset	binary or font asset, not executable logic
src/assets/icons/ai_summary.svg	asset	binary or font asset, not executable logic
src/assets/icons/ai_summary_ref_notes.svg	asset	binary or font asset, not executable logic
src/assets/icons/ai_summary_ref_transcript.svg	asset	binary or font asset, not executable logic
src/assets/icons/ai_summary_tab.svg	asset	binary or font asset, not executable logic
src/assets/icons/ai_template_apply.svg	asset	binary or font asset, not executable logic
src/assets/icons/ai_translate.svg	asset	binary or font asset, not executable logic
src/assets/icons/align_center.svg	asset	binary or font asset, not executable logic
src/assets/icons/align_left.svg	asset	binary or font asset, not executable logic
src/assets/icons/align_right.svg	asset	binary or font asset, not executable logic
src/assets/icons/alignment.svg	asset	binary or font asset, not executable logic
src/assets/icons/alt_arrow_down.svg	asset	binary or font asset, not executable logic
src/assets/icons/alt_arrow_down_small.svg	asset	binary or font asset, not executable logic
src/assets/icons/alt_arrow_left.svg	asset	binary or font asset, not executable logic
src/assets/icons/alt_arrow_left_small.svg	asset	binary or font asset, not executable logic
src/assets/icons/alt_arrow_right.svg	asset	binary or font asset, not executable logic
src/assets/icons/alt_arrow_right_small.svg	asset	binary or font asset, not executable logic
src/assets/icons/alt_arrow_up.svg	asset	binary or font asset, not executable logic
src/assets/icons/alt_arrow_up_small.svg	asset	binary or font asset, not executable logic
src/assets/icons/anonymous.svg	asset	binary or font asset, not executable logic
src/assets/icons/appflowy.svg	asset	binary or font asset, not executable logic
src/assets/icons/archive.svg	asset	binary or font asset, not executable logic
src/assets/icons/arrow_down.svg	asset	binary or font asset, not executable logic
src/assets/icons/arrow_left.svg	asset	binary or font asset, not executable logic
src/assets/icons/arrow_left_line.svg	asset	binary or font asset, not executable logic
src/assets/icons/arrow_right.svg	asset	binary or font asset, not executable logic
src/assets/icons/arrow_up.svg	asset	binary or font asset, not executable logic
src/assets/icons/at.svg	asset	binary or font asset, not executable logic
src/assets/icons/attachment.svg	asset	binary or font asset, not executable logic
src/assets/icons/audio.svg	asset	binary or font asset, not executable logic
src/assets/icons/back_arrow.svg	asset	binary or font asset, not executable logic
src/assets/icons/board.svg	asset	binary or font asset, not executable logic
src/assets/icons/bold.svg	asset	binary or font asset, not executable logic
src/assets/icons/bug.svg	asset	binary or font asset, not executable logic
src/assets/icons/bulleted_1.svg	asset	binary or font asset, not executable logic
src/assets/icons/bulleted_2.svg	asset	binary or font asset, not executable logic
src/assets/icons/bulleted_3.svg	asset	binary or font asset, not executable logic
src/assets/icons/bulleted_list.svg	asset	binary or font asset, not executable logic
src/assets/icons/calendar.svg	asset	binary or font asset, not executable logic
src/assets/icons/callout.svg	asset	binary or font asset, not executable logic
src/assets/icons/change_format.svg	asset	binary or font asset, not executable logic
src/assets/icons/chart.svg	asset	binary or font asset, not executable logic
src/assets/icons/chat_ai_page.svg	asset	binary or font asset, not executable logic
src/assets/icons/chat_suggestion.svg	asset	binary or font asset, not executable logic
src/assets/icons/check.svg	asset	binary or font asset, not executable logic
src/assets/icons/check_circle.svg	asset	binary or font asset, not executable logic
src/assets/icons/check_filled.svg	asset	binary or font asset, not executable logic
src/assets/icons/checkbox.svg	asset	binary or font asset, not executable logic
src/assets/icons/checklist.svg	asset	binary or font asset, not executable logic
src/assets/icons/circle.svg	asset	binary or font asset, not executable logic
src/assets/icons/circle_remove.svg	asset	binary or font asset, not executable logic
src/assets/icons/clock_alarm.svg	asset	binary or font asset, not executable logic
src/assets/icons/close.svg	asset	binary or font asset, not executable logic
src/assets/icons/close_circle.svg	asset	binary or font asset, not executable logic
src/assets/icons/cloud_add.svg	asset	binary or font asset, not executable logic
src/assets/icons/cloud_off.svg	asset	binary or font asset, not executable logic
src/assets/icons/collapse.svg	asset	binary or font asset, not executable logic
src/assets/icons/comment_reopen.svg	asset	binary or font asset, not executable logic
src/assets/icons/comment_reply.svg	asset	binary or font asset, not executable logic
src/assets/icons/comment_resolve.svg	asset	binary or font asset, not executable logic
src/assets/icons/continue_writing.svg	asset	binary or font asset, not executable logic
src/assets/icons/controller.svg	asset	binary or font asset, not executable logic
src/assets/icons/copy.svg	asset	binary or font asset, not executable logic
src/assets/icons/count.svg	asset	binary or font asset, not executable logic
src/assets/icons/created_at.svg	asset	binary or font asset, not executable logic
src/assets/icons/crown.svg	asset	binary or font asset, not executable logic
src/assets/icons/database-template/check-circle-filled.svg	asset	binary or font asset, not executable logic
src/assets/icons/database-template/check-circle-outlined.svg	asset	binary or font asset, not executable logic
src/assets/icons/database-template/details-horizontal.svg	asset	binary or font asset, not executable logic
src/assets/icons/database-template/document.svg	asset	binary or font asset, not executable logic
src/assets/icons/database-template/drag-element.svg	asset	binary or font asset, not executable logic
src/assets/icons/database-template/duplicate.svg	asset	binary or font asset, not executable logic
src/assets/icons/database-template/edit.svg	asset	binary or font asset, not executable logic
src/assets/icons/database.svg	asset	binary or font asset, not executable logic
src/assets/icons/database/ai.svg	asset	binary or font asset, not executable logic
src/assets/icons/database/checkbox.svg	asset	binary or font asset, not executable logic
src/assets/icons/database/checklist.svg	asset	binary or font asset, not executable logic
src/assets/icons/database/multiple_select.svg	asset	binary or font asset, not executable logic
src/assets/icons/database/number.svg	asset	binary or font asset, not executable logic
src/assets/icons/database/single_select.svg	asset	binary or font asset, not executable logic
src/assets/icons/database/text.svg	asset	binary or font asset, not executable logic
src/assets/icons/database/url.svg	asset	binary or font asset, not executable logic
src/assets/icons/date.svg	asset	binary or font asset, not executable logic
src/assets/icons/deactivated_user.svg	asset	binary or font asset, not executable logic
src/assets/icons/delete.svg	asset	binary or font asset, not executable logic
src/assets/icons/divider.svg	asset	binary or font asset, not executable logic
src/assets/icons/doc.svg	asset	binary or font asset, not executable logic
src/assets/icons/double_arrow_left.svg	asset	binary or font asset, not executable logic
src/assets/icons/double_arrow_right.svg	asset	binary or font asset, not executable logic
src/assets/icons/download.svg	asset	binary or font asset, not executable logic
src/assets/icons/drag.svg	asset	binary or font asset, not executable logic
src/assets/icons/duplicate.svg	asset	binary or font asset, not executable logic
src/assets/icons/earth.svg	asset	binary or font asset, not executable logic
src/assets/icons/edit.svg	asset	binary or font asset, not executable logic
src/assets/icons/emoji.svg	asset	binary or font asset, not executable logic
src/assets/icons/empty_comment.svg	asset	binary or font asset, not executable logic
src/assets/icons/engineering.svg	asset	binary or font asset, not executable logic
src/assets/icons/eraser.svg	asset	binary or font asset, not executable logic
src/assets/icons/error.svg	asset	binary or font asset, not executable logic
src/assets/icons/expand.svg	asset	binary or font asset, not executable logic
src/assets/icons/facebook.svg	asset	binary or font asset, not executable logic
src/assets/icons/feedback.svg	asset	binary or font asset, not executable logic
src/assets/icons/file.svg	asset	binary or font asset, not executable logic
src/assets/icons/fill_users.svg	asset	binary or font asset, not executable logic
src/assets/icons/filled_round_arrow_up.svg	asset	binary or font asset, not executable logic
src/assets/icons/filled_star.svg	asset	binary or font asset, not executable logic
src/assets/icons/filter-funnel.svg	asset	binary or font asset, not executable logic
src/assets/icons/filter.svg	asset	binary or font asset, not executable logic
src/assets/icons/format_text.svg	asset	binary or font asset, not executable logic
src/assets/icons/formula.svg	asset	binary or font asset, not executable logic
src/assets/icons/forward_arrow.svg	asset	binary or font asset, not executable logic
src/assets/icons/full_screen.svg	asset	binary or font asset, not executable logic
src/assets/icons/gallery.svg	asset	binary or font asset, not executable logic
src/assets/icons/graduation_cap.svg	asset	binary or font asset, not executable logic
src/assets/icons/grid.svg	asset	binary or font asset, not executable logic
src/assets/icons/group.svg	asset	binary or font asset, not executable logic
src/assets/icons/guest.svg	asset	binary or font asset, not executable logic
src/assets/icons/h1.svg	asset	binary or font asset, not executable logic
src/assets/icons/h2.svg	asset	binary or font asset, not executable logic
src/assets/icons/h3.svg	asset	binary or font asset, not executable logic
src/assets/icons/hashtag.svg	asset	binary or font asset, not executable logic
src/assets/icons/help.svg	asset	binary or font asset, not executable logic
src/assets/icons/help_&_documentation.svg	asset	binary or font asset, not executable logic
src/assets/icons/hide.svg	asset	binary or font asset, not executable logic
src/assets/icons/hide_keyboard.svg	asset	binary or font asset, not executable logic
src/assets/icons/home.svg	asset	binary or font asset, not executable logic
src/assets/icons/image.svg	asset	binary or font asset, not executable logic
src/assets/icons/info.svg	asset	binary or font asset, not executable logic
src/assets/icons/inline_code.svg	asset	binary or font asset, not executable logic
src/assets/icons/insert.svg	asset	binary or font asset, not executable logic
src/assets/icons/insert_content.svg	asset	binary or font asset, not executable logic
src/assets/icons/instagram.svg	asset	binary or font asset, not executable logic
src/assets/icons/invalid_link.svg	asset	binary or font asset, not executable logic
src/assets/icons/invite_user.svg	asset	binary or font asset, not executable logic
src/assets/icons/italic.svg	asset	binary or font asset, not executable logic
src/assets/icons/key.svg	asset	binary or font asset, not executable logic
src/assets/icons/last_modified.svg	asset	binary or font asset, not executable logic
src/assets/icons/layout.svg	asset	binary or font asset, not executable logic
src/assets/icons/link.svg	asset	binary or font asset, not executable logic
src/assets/icons/link_arrow.svg	asset	binary or font asset, not executable logic
src/assets/icons/linkedin.svg	asset	binary or font asset, not executable logic
src/assets/icons/list.svg	asset	binary or font asset, not executable logic
src/assets/icons/lock.svg	asset	binary or font asset, not executable logic
src/assets/icons/logo.svg	asset	binary or font asset, not executable logic
src/assets/icons/logout.svg	asset	binary or font asset, not executable logic
src/assets/icons/long_text.svg	asset	binary or font asset, not executable logic
src/assets/icons/m_home_ai_chat_icon.svg	asset	binary or font asset, not executable logic
src/assets/icons/m_notification_reminder.svg	asset	binary or font asset, not executable logic
src/assets/icons/m_toolbar_link.svg	asset	binary or font asset, not executable logic
src/assets/icons/management.svg	asset	binary or font asset, not executable logic
src/assets/icons/marketing.svg	asset	binary or font asset, not executable logic
src/assets/icons/mention_send_notification.svg	asset	binary or font asset, not executable logic
src/assets/icons/menu.svg	asset	binary or font asset, not executable logic
src/assets/icons/minus.svg	asset	binary or font asset, not executable logic
src/assets/icons/moon.svg	asset	binary or font asset, not executable logic
src/assets/icons/more.svg	asset	binary or font asset, not executable logic
src/assets/icons/move_to.svg	asset	binary or font asset, not executable logic
src/assets/icons/multiselect.svg	asset	binary or font asset, not executable logic
src/assets/icons/no_access.svg	asset	binary or font asset, not executable logic
src/assets/icons/notification_bell.svg	asset	binary or font asset, not executable logic
src/assets/icons/notification_icon_at.svg	asset	binary or font asset, not executable logic
src/assets/icons/notification_reminder_badge.svg	asset	binary or font asset, not executable logic
src/assets/icons/notion.svg	asset	binary or font asset, not executable logic
src/assets/icons/number.svg	asset	binary or font asset, not executable logic
src/assets/icons/numbered_list.svg	asset	binary or font asset, not executable logic
src/assets/icons/open.svg	asset	binary or font asset, not executable logic
src/assets/icons/page.svg	asset	binary or font asset, not executable logic
src/assets/icons/palette.svg	asset	binary or font asset, not executable logic
src/assets/icons/paragraph.svg	asset	binary or font asset, not executable logic
src/assets/icons/password.svg	asset	binary or font asset, not executable logic
src/assets/icons/pdf.svg	asset	binary or font asset, not executable logic
src/assets/icons/person.svg	asset	binary or font asset, not executable logic
src/assets/icons/plus.svg	asset	binary or font asset, not executable logic
src/assets/icons/private-space.svg	asset	binary or font asset, not executable logic
src/assets/icons/public.svg	asset	binary or font asset, not executable logic
src/assets/icons/publish.svg	asset	binary or font asset, not executable logic
src/assets/icons/quote.svg	asset	binary or font asset, not executable logic
src/assets/icons/ref_page.svg	asset	binary or font asset, not executable logic
src/assets/icons/regenerate.svg	asset	binary or font asset, not executable logic
src/assets/icons/relation.svg	asset	binary or font asset, not executable logic
src/assets/icons/reminder_clock.svg	asset	binary or font asset, not executable logic
src/assets/icons/reorder.svg	asset	binary or font asset, not executable logic
src/assets/icons/repeat.svg	asset	binary or font asset, not executable logic
src/assets/icons/replace.svg	asset	binary or font asset, not executable logic
src/assets/icons/reset.svg	asset	binary or font asset, not executable logic
src/assets/icons/restore.svg	asset	binary or font asset, not executable logic
src/assets/icons/sales.svg	asset	binary or font asset, not executable logic
src/assets/icons/save_as.svg	asset	binary or font asset, not executable logic
src/assets/icons/search.svg	asset	binary or font asset, not executable logic
src/assets/icons/send_comment.svg	asset	binary or font asset, not executable logic
src/assets/icons/settings.svg	asset	binary or font asset, not executable logic
src/assets/icons/settings_more.svg	asset	binary or font asset, not executable logic
src/assets/icons/share-to.svg	asset	binary or font asset, not executable logic
src/assets/icons/share.svg	asset	binary or font asset, not executable logic
src/assets/icons/short_text.svg	asset	binary or font asset, not executable logic
src/assets/icons/show.svg	asset	binary or font asset, not executable logic
src/assets/icons/shrink.svg	asset	binary or font asset, not executable logic
src/assets/icons/shuffle.svg	asset	binary or font asset, not executable logic
src/assets/icons/sort.svg	asset	binary or font asset, not executable logic
src/assets/icons/sort_ascending.svg	asset	binary or font asset, not executable logic
src/assets/icons/star.svg	asset	binary or font asset, not executable logic
src/assets/icons/startup.svg	asset	binary or font asset, not executable logic
src/assets/icons/strikethrough.svg	asset	binary or font asset, not executable logic
src/assets/icons/success.svg	asset	binary or font asset, not executable logic
src/assets/icons/success_logo.svg	asset	binary or font asset, not executable logic
src/assets/icons/summarize.svg	asset	binary or font asset, not executable logic
src/assets/icons/sun.svg	asset	binary or font asset, not executable logic
src/assets/icons/switch.svg	asset	binary or font asset, not executable logic
src/assets/icons/table.svg	asset	binary or font asset, not executable logic
src/assets/icons/team.svg	asset	binary or font asset, not executable logic
src/assets/icons/template.svg	asset	binary or font asset, not executable logic
src/assets/icons/text.svg	asset	binary or font asset, not executable logic
src/assets/icons/text_color.svg	asset	binary or font asset, not executable logic
src/assets/icons/text_format.svg	asset	binary or font asset, not executable logic
src/assets/icons/text_highlight.svg	asset	binary or font asset, not executable logic
src/assets/icons/text_image.svg	asset	binary or font asset, not executable logic
src/assets/icons/tick.svg	asset	binary or font asset, not executable logic
src/assets/icons/tiktok.svg	asset	binary or font asset, not executable logic
src/assets/icons/time.svg	asset	binary or font asset, not executable logic
src/assets/icons/titlebar_comment.svg	asset	binary or font asset, not executable logic
src/assets/icons/todo.svg	asset	binary or font asset, not executable logic
src/assets/icons/toggle_h1.svg	asset	binary or font asset, not executable logic
src/assets/icons/toggle_h2.svg	asset	binary or font asset, not executable logic
src/assets/icons/toggle_h3.svg	asset	binary or font asset, not executable logic
src/assets/icons/toggle_list.svg	asset	binary or font asset, not executable logic
src/assets/icons/toolbar_add_comment.svg	asset	binary or font asset, not executable logic
src/assets/icons/triangle_down.svg	asset	binary or font asset, not executable logic
src/assets/icons/turn_into.svg	asset	binary or font asset, not executable logic
src/assets/icons/twitter.svg	asset	binary or font asset, not executable logic
src/assets/icons/two_way_relation.svg	asset	binary or font asset, not executable logic
src/assets/icons/type_selection.svg	asset	binary or font asset, not executable logic
src/assets/icons/typography.svg	asset	binary or font asset, not executable logic
src/assets/icons/uncheck.svg	asset	binary or font asset, not executable logic
src/assets/icons/underline.svg	asset	binary or font asset, not executable logic
src/assets/icons/undo.svg	asset	binary or font asset, not executable logic
src/assets/icons/unlink.svg	asset	binary or font asset, not executable logic
src/assets/icons/unlock.svg	asset	binary or font asset, not executable logic
src/assets/icons/unpublish.svg	asset	binary or font asset, not executable logic
src/assets/icons/upgrade.svg	asset	binary or font asset, not executable logic
src/assets/icons/upload.svg	asset	binary or font asset, not executable logic
src/assets/icons/user.svg	asset	binary or font asset, not executable logic
src/assets/icons/user_badge.svg	asset	binary or font asset, not executable logic
src/assets/icons/users.svg	asset	binary or font asset, not executable logic
src/assets/icons/vector.svg	asset	binary or font asset, not executable logic
src/assets/icons/video.svg	asset	binary or font asset, not executable logic
src/assets/icons/warning.svg	asset	binary or font asset, not executable logic
src/assets/icons/warning_logo.svg	asset	binary or font asset, not executable logic
src/assets/icons/wiki.svg	asset	binary or font asset, not executable logic
src/assets/icons/window.svg	asset	binary or font asset, not executable logic
src/assets/icons/youtube.svg	asset	binary or font asset, not executable logic
src/assets/images/empty.png	asset	binary or font asset, not executable logic
src/assets/images/profile_banner/banner_blue.png	asset	binary or font asset, not executable logic
src/assets/images/profile_banner/banner_pink.png	asset	binary or font asset, not executable logic
src/assets/images/profile_banner/banner_purple.png	asset	binary or font asset, not executable logic
src/assets/images/profile_banner/banner_yellow.png	asset	binary or font asset, not executable logic
src/assets/login/apple.svg	asset	binary or font asset, not executable logic
src/assets/login/discord.svg	asset	binary or font asset, not executable logic
src/assets/login/github.svg	asset	binary or font asset, not executable logic
src/assets/login/google.svg	asset	binary or font asset, not executable logic
src/assets/login/saml.svg	asset	binary or font asset, not executable logic
src/assets/space_icon/space_icon_1.svg	asset	binary or font asset, not executable logic
src/assets/space_icon/space_icon_10.svg	asset	binary or font asset, not executable logic
src/assets/space_icon/space_icon_11.svg	asset	binary or font asset, not executable logic
src/assets/space_icon/space_icon_12.svg	asset	binary or font asset, not executable logic
src/assets/space_icon/space_icon_13.svg	asset	binary or font asset, not executable logic
src/assets/space_icon/space_icon_14.svg	asset	binary or font asset, not executable logic
src/assets/space_icon/space_icon_15.svg	asset	binary or font asset, not executable logic
src/assets/space_icon/space_icon_2.svg	asset	binary or font asset, not executable logic
src/assets/space_icon/space_icon_3.svg	asset	binary or font asset, not executable logic
src/assets/space_icon/space_icon_4.svg	asset	binary or font asset, not executable logic
src/assets/space_icon/space_icon_5.svg	asset	binary or font asset, not executable logic
src/assets/space_icon/space_icon_6.svg	asset	binary or font asset, not executable logic
src/assets/space_icon/space_icon_7.svg	asset	binary or font asset, not executable logic
src/assets/space_icon/space_icon_8.svg	asset	binary or font asset, not executable logic
src/assets/space_icon/space_icon_9.svg	asset	binary or font asset, not executable logic
src/components/_shared/FullScreenLoading.tsx	reviewed	batch 317 last-line length matched; model not tool-verified grok
src/components/_shared/LoadingDots.tsx	reviewed	batch 317 last-line length matched; model not tool-verified grok
src/components/_shared/appflowy-power/AppFlowyPower.tsx	reviewed	batch 317 last-line length matched; model not tool-verified grok
src/components/_shared/breadcrumb/Breadcrumb.tsx	reviewed	batch 317 last-line length matched; model not tool-verified grok
src/components/_shared/breadcrumb/BreadcrumbItem.tsx	reviewed	batch 317 last-line length matched; model not tool-verified grok
src/components/_shared/breadcrumb/BreadcrumbMoreModal.tsx	reviewed	batch 318 last-line length matched; model not tool-verified grok
src/components/_shared/breadcrumb/index.ts	reviewed	batch 318 last-line length matched; model not tool-verified grok
src/components/_shared/breadcrumb/withAppBreadcrumb.tsx	reviewed	batch 318 last-line length matched; model not tool-verified grok
src/components/_shared/breadcrumb/withPublishBreadcrumb.tsx	reviewed	batch 318 last-line length matched; model not tool-verified grok
src/components/_shared/color-picker/ColorPicker.tsx	reviewed	batch 318 last-line length matched; model not tool-verified grok
src/components/_shared/color-picker/ColorTile.tsx	reviewed	batch 318 last-line length matched; model not tool-verified grok
src/components/_shared/color-picker/CustomColorPicker.tsx	reviewed	batch 318 last-line length matched; model not tool-verified grok
src/components/_shared/color-picker/index.ts	reviewed	batch 318 last-line length matched; model not tool-verified grok
src/components/_shared/color-picker/style.css	reviewed	batch 318 last-line length matched; model not tool-verified grok
src/components/_shared/cutsom-icon/CustomIconPopover.tsx	reviewed	batch 318 last-line length matched; model not tool-verified grok
src/components/_shared/cutsom-icon/index.ts	reviewed	batch 318 last-line length matched; model not tool-verified grok
src/components/_shared/emoji-picker/EmojiItem.tsx	reviewed	batch 318 last-line length matched; model not tool-verified grok
src/components/_shared/emoji-picker/EmojiPicker.hooks.ts	reviewed	batch 318 last-line length matched; model not tool-verified grok
src/components/_shared/emoji-picker/EmojiPicker.tsx	reviewed	batch 318 last-line length matched; model not tool-verified grok
src/components/_shared/emoji-picker/EmojiPickerCategories.tsx	reviewed	batch 318 last-line length matched; model not tool-verified grok
src/components/_shared/emoji-picker/EmojiPickerHeader.tsx	reviewed	batch 319 last-line length matched; model not tool-verified grok
src/components/_shared/emoji-picker/EmojisVirtualizer.tsx	reviewed	batch 319 last-line length matched; model not tool-verified grok
src/components/_shared/emoji-picker/SwitchSkin.tsx	reviewed	batch 319 last-line length matched; model not tool-verified grok
src/components/_shared/emoji-picker/const.ts	reviewed	batch 319 last-line length matched; model not tool-verified grok
src/components/_shared/emoji-picker/index.ts	reviewed	batch 319 last-line length matched; model not tool-verified grok
src/components/_shared/file-dropzone/FileDropzone.tsx	reviewed	batch 319 last-line length matched; model not tool-verified grok; main-session matched image/* and extensions on drop and picker
src/components/_shared/gallery-preview/GalleryPreview.tsx	reviewed	batch 319 last-line length matched; model not tool-verified grok
src/components/_shared/gallery-preview/index.ts	reviewed	batch 319 last-line length matched; model not tool-verified grok
src/components/_shared/gallery-preview/preview.scss	reviewed	batch 319 last-line length matched; model not tool-verified grok
src/components/_shared/helmet/ViewHelmet.tsx	reviewed	batch 319 last-line length matched; model not tool-verified grok
src/components/_shared/help/Help.tsx	reviewed	batch 319 last-line length matched; model not tool-verified grok
src/components/_shared/help/index.ts	reviewed	batch 319 last-line length matched; model not tool-verified grok
src/components/_shared/hooks/useAuthenticatedImage.ts	reviewed	batch 319 last-line length matched; model not tool-verified grok
src/components/_shared/icon-picker/IconItem.tsx	reviewed	batch 319 last-line length matched; model not tool-verified grok
src/components/_shared/icon-picker/IconPicker.tsx	reviewed	batch 319 last-line length matched; model not tool-verified grok
src/components/_shared/icon-picker/IconsVirtualizer.tsx	reviewed	batch 320 last-line length matched; model not tool-verified grok
src/components/_shared/icon-picker/index.ts	reviewed	batch 320 last-line length matched; model not tool-verified grok
src/components/_shared/image-render/ImageRender.tsx	reviewed	batch 320 last-line length matched; model not tool-verified grok
src/components/_shared/image-upload/EmbedLink.tsx	reviewed	batch 320 last-line length matched; model not tool-verified grok
src/components/_shared/image-upload/Unsplash.tsx	reviewed	batch 320 last-line length matched; model not tool-verified grok
src/components/_shared/image-upload/UploadImage.tsx	reviewed	batch 320 last-line length matched; model not tool-verified grok
src/components/_shared/image-upload/UploadPopover.tsx	reviewed	batch 320 last-line length matched; model not tool-verified grok
src/components/_shared/image-upload/index.ts	reviewed	batch 320 last-line length matched; model not tool-verified grok
src/components/_shared/katex-math/KatexMath.tsx	reviewed	batch 320 last-line length matched; model not tool-verified grok
src/components/_shared/katex-math/index.css	reviewed	batch 320 last-line length matched; model not tool-verified grok
src/components/_shared/katex-math/index.ts	reviewed	batch 320 last-line length matched; model not tool-verified grok
src/components/_shared/keyboard_navigation/KeyboardNavigation.tsx	reviewed	batch 320 last-line length matched; model not tool-verified grok
src/components/_shared/keyboard_navigation/utils.ts	reviewed	batch 320 last-line length matched; model not tool-verified grok
src/components/_shared/landing-page/ErrorPage.stories.tsx	reviewed	batch 320 last-line length matched; model not tool-verified grok
src/components/_shared/landing-page/ErrorPage.tsx	reviewed	batch 320 last-line length matched; model not tool-verified grok
src/components/_shared/landing-page/InvalidLink.stories.tsx	reviewed	batch 321 last-line length matched; model not tool-verified grok
src/components/_shared/landing-page/InvalidLink.tsx	reviewed	batch 321 last-line length matched; model not tool-verified grok
src/components/_shared/landing-page/LandingFooter.tsx	reviewed	batch 321 last-line length matched; model not tool-verified grok
src/components/_shared/landing-page/LandingPage.tsx	reviewed	batch 321 last-line length matched; model not tool-verified grok
src/components/_shared/landing-page/NotInvitationAccount.tsx	reviewed	batch 321 last-line length matched; model not tool-verified grok
src/components/_shared/landing-page/errorContent.ts	reviewed	batch 321 last-line length matched; model not tool-verified grok
src/components/_shared/landing-page/index.ts	reviewed	batch 321 last-line length matched; model not tool-verified grok
src/components/_shared/mobile-drawer/MobileDrawer.tsx	reviewed	batch 321 last-line length matched; model not tool-verified grok
src/components/_shared/mobile-drawer/index.ts	reviewed	batch 321 last-line length matched; model not tool-verified grok
src/components/_shared/mobile-outline/MobileOutline.tsx	reviewed	batch 321 last-line length matched; model not tool-verified grok
src/components/_shared/mobile-outline/MobileOutlineWithCover.tsx	reviewed	batch 321 last-line length matched; model not tool-verified grok; main-session compared yesterday to the previous day
src/components/_shared/mobile-outline/OutlineItem.tsx	reviewed	batch 321 last-line length matched; model not tool-verified grok
src/components/_shared/mobile-outline/index.ts	reviewed	batch 321 last-line length matched; model not tool-verified grok
src/components/_shared/mobile-topbar/MobileFolder.tsx	reviewed	batch 321 last-line length matched; model not tool-verified grok
src/components/_shared/mobile-topbar/MobileMore.tsx	reviewed	batch 321 last-line length matched; model not tool-verified grok
src/components/_shared/mobile-topbar/MobileTopBar.tsx	reviewed	batch 322 last-line length matched; model not tool-verified grok
src/components/_shared/mobile-topbar/PublishMobileFolder.tsx	reviewed	batch 322 last-line length matched; model not tool-verified grok
src/components/_shared/mobile-topbar/index.tsx	reviewed	batch 322 last-line length matched; model not tool-verified grok
src/components/_shared/modal/CacheClearingDialog.tsx	reviewed	batch 322 last-line length matched; model not tool-verified grok
src/components/_shared/modal/ChangeAccount.tsx	reviewed	batch 322 last-line length matched; model not tool-verified grok
src/components/_shared/modal/ConfirmModal.tsx	reviewed	batch 322 last-line length matched; model not tool-verified grok
src/components/_shared/modal/IndexedDBCleaner.tsx	reviewed	batch 322 last-line length matched; model not tool-verified grok
src/components/_shared/modal/NormalModal.tsx	reviewed	batch 322 last-line length matched; model not tool-verified grok
src/components/_shared/modal/__tests__/ConfirmModal.test.tsx	test-fixture	test or fixture path
src/components/_shared/modal/__tests__/NormalModal.test.tsx	test-fixture	test or fixture path
src/components/_shared/modal/index.ts	reviewed	batch 322 last-line length matched; model not tool-verified grok
src/components/_shared/more-actions/MoreActions.tsx	reviewed	batch 322 last-line length matched; model not tool-verified grok
src/components/_shared/more-actions/MoreActionsContent.tsx	reviewed	batch 322 last-line length matched; model not tool-verified grok
src/components/_shared/more-actions/importer/Import.tsx	reviewed	batch 322 last-line length matched; model not tool-verified grok
src/components/_shared/more-actions/importer/ImporterDialogContent.tsx	reviewed	batch 322 last-line length matched; model not tool-verified grok
src/components/_shared/more-actions/importer/ImporterModal.tsx	reviewed	batch 322 last-line length matched; model not tool-verified grok
src/components/_shared/more-actions/importer/__tests__/ImporterDialogContent.test.tsx	test-fixture	test or fixture path
src/components/_shared/more-actions/importer/useImport.hook.ts	reviewed	batch 322 last-line length matched; model not tool-verified grok
src/components/_shared/notify/CustomSnackbar.tsx	reviewed	batch 323 last-line length matched; model not tool-verified grok
src/components/_shared/notify/InfoSnackbar.tsx	reviewed	batch 323 last-line length matched; model not tool-verified grok
src/components/_shared/notify/index.ts	reviewed	batch 323 last-line length matched; model not tool-verified grok
src/components/_shared/outline/Outline.tsx	reviewed	batch 323 last-line length matched; model not tool-verified grok
src/components/_shared/outline/OutlineDrawer.tsx	reviewed	batch 323 last-line length matched; model not tool-verified grok
src/components/_shared/outline/OutlineIcon.tsx	reviewed	batch 323 last-line length matched; model not tool-verified grok
src/components/_shared/outline/OutlineItem.databaseContainer.test.tsx	reviewed	batch 323 last-line length matched; model not tool-verified grok
src/components/_shared/outline/OutlineItem.tsx	reviewed	batch 323 last-line length matched; model not tool-verified grok
src/components/_shared/outline/OutlineItemContent.tsx	reviewed	batch 323 last-line length matched; model not tool-verified grok
src/components/_shared/outline/OutlinePopover.tsx	reviewed	batch 323 last-line length matched; model not tool-verified grok
src/components/_shared/outline/Resizer.tsx	reviewed	batch 323 last-line length matched; model not tool-verified grok
src/components/_shared/outline/__tests__/mergeOutline.test.ts	test-fixture	test or fixture path
src/components/_shared/outline/index.ts	reviewed	batch 323 last-line length matched; model not tool-verified grok
src/components/_shared/outline/mergeOutline.ts	reviewed	batch 323 last-line length matched; model not tool-verified grok
src/components/_shared/outline/outline.hooks.ts	reviewed	batch 323 last-line length matched; model not tool-verified grok
src/components/_shared/outline/utils.ts	reviewed	batch 323 last-line length matched; model not tool-verified grok
src/components/_shared/popover/Popover.tsx	reviewed	batch 324 last-line length matched; model not tool-verified grok
src/components/_shared/popover/RichTooltip.tsx	reviewed	batch 324 last-line length matched; model not tool-verified grok
src/components/_shared/popover/index.ts	reviewed	batch 324 last-line length matched; model not tool-verified grok
src/components/_shared/progress/ComponentLoading.tsx	reviewed	batch 324 last-line length matched; model not tool-verified grok
src/components/_shared/progress/LinearProgressWithLabel.tsx	reviewed	batch 324 last-line length matched; model not tool-verified grok
src/components/_shared/reorder/useReorderMonitor.ts	reviewed	batch 324 last-line length matched; model not tool-verified grok
src/components/_shared/reorder/useReorderableItem.ts	reviewed	batch 324 last-line length matched; model not tool-verified grok
src/components/_shared/scroller/AFScroller.tsx	reviewed	batch 324 last-line length matched; model not tool-verified grok
src/components/_shared/scroller/index.ts	reviewed	batch 324 last-line length matched; model not tool-verified grok
src/components/_shared/skeleton/BreadcrumbSkeleton.tsx	reviewed	batch 324 last-line length matched; model not tool-verified grok
src/components/_shared/skeleton/CalendarSkeleton.tsx	reviewed	batch 324 last-line length matched; model not tool-verified grok
src/components/_shared/skeleton/DirectoryStructure.tsx	reviewed	batch 324 last-line length matched; model not tool-verified grok
src/components/_shared/skeleton/DocumentSkeleton.tsx	reviewed	batch 324 last-line length matched; model not tool-verified grok
src/components/_shared/skeleton/EditorSkeleton.tsx	reviewed	batch 324 last-line length matched; model not tool-verified grok
src/components/_shared/skeleton/GridSkeleton.tsx	reviewed	batch 324 last-line length matched; model not tool-verified grok
src/components/_shared/skeleton/KanbanSkeleton.tsx	reviewed	batch 325 last-line length matched; model not tool-verified grok
src/components/_shared/skeleton/RecentListSkeleton.tsx	reviewed	batch 325 last-line length matched; model not tool-verified grok
src/components/_shared/skeleton/TabbarSkeleton.tsx	reviewed	batch 325 last-line length matched; model not tool-verified grok
src/components/_shared/skeleton/TableSkeleton.tsx	reviewed	batch 325 last-line length matched; model not tool-verified grok
src/components/_shared/skeleton/TitleSkeleton.tsx	reviewed	batch 325 last-line length matched; model not tool-verified grok
src/components/_shared/switch/Switch.tsx	reviewed	batch 325 last-line length matched; model not tool-verified grok
src/components/_shared/switch/index.ts	reviewed	batch 325 last-line length matched; model not tool-verified grok
src/components/_shared/tabs/ViewTabs.tsx	reviewed	batch 325 last-line length matched; model not tool-verified grok
src/components/_shared/tag/Tag.tsx	reviewed	batch 325 last-line length matched; model not tool-verified grok
src/components/_shared/tag/index.ts	reviewed	batch 325 last-line length matched; model not tool-verified grok
src/components/_shared/view-icon/PageIcon.tsx	reviewed	batch 325 last-line length matched; model not tool-verified grok
src/components/_shared/view-icon/PublishIcon.tsx	reviewed	batch 325 last-line length matched; model not tool-verified grok
src/components/_shared/view-icon/SpaceIcon.tsx	reviewed	batch 325 last-line length matched; model not tool-verified grok
src/components/_shared/view-icon/ViewIcon.tsx	reviewed	batch 325 last-line length matched; model not tool-verified grok
src/components/_shared/view-icon/__tests__/PageIcon.test.tsx	test-fixture	test or fixture path
src/components/_shared/view-icon/index.ts	reviewed	batch 325 last-line length matched; model not tool-verified grok
src/components/_shared/view-icon/utils.tsx	reviewed	batch 326 last-line length matched; model not tool-verified grok
src/components/ai-chat/AIChat.tsx	reviewed	batch 326 last-line length matched; model not tool-verified grok
src/components/ai-chat/AIChatDrawer.tsx	reviewed	batch 326 last-line length matched; model not tool-verified grok
src/components/ai-chat/AIChatProvider.tsx	reviewed	batch 326 last-line length matched; model not tool-verified grok
src/components/ai-chat/DrawerContent.tsx	reviewed	batch 326 last-line length matched; model not tool-verified grok
src/components/ai-chat/DrawerHeader.tsx	reviewed	batch 326 last-line length matched; model not tool-verified grok
src/components/ai-chat/Pinned.tsx	reviewed	batch 326 last-line length matched; model not tool-verified grok
src/components/ai-chat/Resizer.tsx	reviewed	batch 326 last-line length matched; model not tool-verified grok
src/components/ai-chat/__tests__/AIChatDrawer.test.tsx	test-fixture	test or fixture path
src/components/ai-chat/__tests__/AIChatProvider.test.tsx	test-fixture	test or fixture path
src/components/ai-chat/__tests__/DrawerContent.test.tsx	test-fixture	test or fixture path
src/components/ai-chat/__tests__/DrawerHeader.test.tsx	test-fixture	test or fixture path
src/components/ai-chat/__tests__/Pinned.test.tsx	test-fixture	test or fixture path
src/components/ai-chat/__tests__/Resizer.test.tsx	test-fixture	test or fixture path
src/components/ai-chat/__tests__/chat-settings.test.ts	test-fixture	test or fixture path
src/components/ai-chat/__tests__/rag-scope.test.ts	test-fixture	test or fixture path
src/components/ai-chat/chat-settings.ts	reviewed	batch 326 last-line length matched; model not tool-verified grok
src/components/ai-chat/index.ts	reviewed	batch 326 last-line length matched; model not tool-verified grok
src/components/ai-chat/rag-scope.ts	reviewed	batch 326 last-line length matched; model not tool-verified grok
src/components/ai-chat/utils.ts	reviewed	batch 326 last-line length matched; model not tool-verified grok
src/components/app/AppRouter.tsx	reviewed	batch 326 last-line length matched; model not tool-verified grok
src/components/app/AppWorkspaceRedirect.tsx	reviewed	batch 326 last-line length matched; model not tool-verified grok
src/components/app/AuthLayout.tsx	reviewed	batch 326 last-line length matched; model not tool-verified grok
src/components/app/ConnectBanner.tsx	reviewed	batch 327 last-line length matched; model not tool-verified grok
src/components/app/DatabaseView.tsx	reviewed	batch 327 last-line length matched; model not tool-verified grok
src/components/app/Main.tsx	reviewed	batch 327 last-line length matched; model not tool-verified grok
src/components/app/MainLayout.tsx	reviewed	batch 327 last-line length matched; model not tool-verified grok
src/components/app/MobileMainLayout.tsx	reviewed	batch 327 last-line length matched; model not tool-verified grok
src/components/app/RevertedDialog.tsx	reviewed	batch 327 last-line length matched; model not tool-verified grok
src/components/app/SideBar.tsx	reviewed	batch 327 last-line length matched; model not tool-verified grok
src/components/app/SideBarBottom.tsx	reviewed	batch 327 last-line length matched; model not tool-verified grok
src/components/app/ViewModal.tsx	reviewed	batch 327 last-line length matched; model not tool-verified grok
src/components/app/WorkspaceLoadingAnimation.tsx	reviewed	batch 327 last-line length matched; model not tool-verified grok
src/components/app/__tests__/ConnectBanner.test.tsx	test-fixture	test or fixture path
src/components/app/__tests__/MobileMainLayout.noAccess.test.tsx	test-fixture	test or fixture path
src/components/app/__tests__/ViewModal.permissionCleanup.test.tsx	test-fixture	test or fixture path
src/components/app/__tests__/app.hooks.eventEmitter.test.tsx	test-fixture	test or fixture path
src/components/app/app-overlay/AppOverlayContext.ts	reviewed	batch 327 last-line length matched; model not tool-verified grok
src/components/app/app-overlay/AppOverlayProvider.tsx	reviewed	batch 327 last-line length matched; model not tool-verified grok
src/components/app/app.hooks.tsx	reviewed	batch 327 last-line length matched; model not tool-verified grok
src/components/app/components/AppContextConsumer.tsx	reviewed	batch 327 last-line length matched; model not tool-verified grok
src/components/app/contexts/AppEventEmitterContext.ts	reviewed	batch 327 last-line length matched; model not tool-verified grok
src/components/app/contexts/AppNavigationContext.ts	reviewed	batch 328 last-line length matched; model not tool-verified grok
src/components/app/contexts/AppOperationsContext.ts	reviewed	batch 328 last-line length matched; model not tool-verified grok
src/components/app/contexts/AppOutlineContext.ts	reviewed	batch 328 last-line length matched; model not tool-verified grok
src/components/app/contexts/AppSyncContext.ts	reviewed	batch 328 last-line length matched; model not tool-verified grok
src/components/app/contexts/AuthInternalContext.ts	reviewed	batch 328 last-line length matched; model not tool-verified grok
src/components/app/contexts/SyncInternalContext.ts	reviewed	batch 328 last-line length matched; model not tool-verified grok
src/components/app/favorite/Favorite.tsx	reviewed	batch 328 last-line length matched; model not tool-verified grok
src/components/app/favorite/MobileFavorite.tsx	reviewed	batch 328 last-line length matched; model not tool-verified grok
src/components/app/favorite/__tests__/MobileFavorite.rowNavigation.test.tsx	test-fixture	test or fixture path
src/components/app/favorite/index.ts	reviewed	batch 328 last-line length matched; model not tool-verified grok
src/components/app/favorite/useFavoriteNavigation.ts	reviewed	batch 328 last-line length matched; model not tool-verified grok
src/components/app/header/AppHeader.tsx	reviewed	batch 328 last-line length matched; model not tool-verified grok
src/components/app/header/DocumentInfo.tsx	reviewed	batch 328 last-line length matched; model not tool-verified grok
src/components/app/header/FavoriteButton.tsx	reviewed	batch 328 last-line length matched; model not tool-verified grok
src/components/app/header/LockedBadge.tsx	reviewed	batch 328 last-line length matched; model not tool-verified grok
src/components/app/header/MoreActions.tsx	reviewed	batch 328 last-line length matched; model not tool-verified grok
src/components/app/header/MoreActionsContent.tsx	reviewed	batch 329 last-line length matched; model not tool-verified grok
src/components/app/header/RightMenu.tsx	reviewed	batch 329 last-line length matched; model not tool-verified grok
src/components/app/header/Users.tsx	reviewed	batch 329 last-line length matched; model not tool-verified grok
src/components/app/header/__tests__/RightMenu.rowFavorite.test.tsx	test-fixture	test or fixture path
src/components/app/header/index.ts	reviewed	batch 329 last-line length matched; model not tool-verified grok
src/components/app/hooks/__tests__/ViewItem.databaseContainer.test.tsx	test-fixture	test or fixture path
src/components/app/hooks/__tests__/databaseTabSidebarSync.test.tsx	test-fixture	test or fixture path
src/components/app/hooks/__tests__/resolveSidebarSelectedViewId.test.ts	test-fixture	test or fixture path
src/components/app/hooks/__tests__/useDatabaseIdentity.test.ts	test-fixture	test or fixture path
src/components/app/hooks/__tests__/useDatabaseOperations.rowPermission.test.tsx	test-fixture	test or fixture path
src/components/app/hooks/__tests__/usePageOperations.publish.test.tsx	test-fixture	test or fixture path
src/components/app/hooks/__tests__/usePageOperations.trash.test.tsx	test-fixture	test or fixture path
src/components/app/hooks/__tests__/useRowOperations.test.tsx	test-fixture	test or fixture path
src/components/app/hooks/__tests__/useViewNavigation.test.ts	test-fixture	test or fixture path
src/components/app/hooks/__tests__/useViewOperations.lockReadOnly.test.ts	test-fixture	test or fixture path
src/components/app/hooks/__tests__/useViewOperations.privateSpaceAccess.test.ts	test-fixture	test or fixture path
src/components/app/hooks/__tests__/useViewOperations.toView.databaseContainer.test.tsx	test-fixture	test or fixture path
src/components/app/hooks/__tests__/useViewSync.test.ts	test-fixture	test or fixture path
src/components/app/hooks/__tests__/useWorkspaceData.preserveLoadedChildren.test.ts	test-fixture	test or fixture path
src/components/app/hooks/__tests__/useWorkspaceData.sidebarRevalidation.test.tsx	test-fixture	test or fixture path
src/components/app/hooks/__tests__/useWorkspaceData.trashRefresh.test.tsx	test-fixture	test or fixture path
src/components/app/hooks/constants.ts	reviewed	batch 329 last-line length matched; model not tool-verified grok
src/components/app/hooks/resolveSidebarSelectedViewId.ts	reviewed	batch 329 last-line length matched; model not tool-verified grok
src/components/app/hooks/useDatabaseIdentity.ts	reviewed	batch 329 last-line length matched; model not tool-verified grok
src/components/app/hooks/useDatabaseOperations.ts	reviewed	batch 329 last-line length matched; model not tool-verified grok
src/components/app/hooks/usePageOperations.ts	reviewed	batch 329 last-line length matched; model not tool-verified grok
src/components/app/hooks/useRowOperations.ts	reviewed	batch 329 last-line length matched; model not tool-verified grok
src/components/app/hooks/useSubscriptionPlan.ts	reviewed	batch 329 last-line length matched; model not tool-verified grok
src/components/app/hooks/useViewNavigation.ts	reviewed	batch 329 last-line length matched; model not tool-verified grok
src/components/app/hooks/useViewOperations.ts	reviewed	batch 329 last-line length matched; model not tool-verified grok
src/components/app/hooks/useViewSync.ts	reviewed	batch 329 last-line length matched; model not tool-verified grok
src/components/app/hooks/useWorkspaceData.ts	reviewed	batch 329 last-line length matched; model not tool-verified grok
src/components/app/import/ImportDialog.tsx	reviewed	batch 330 last-line length matched; model not tool-verified grok
src/components/app/import/__tests__/ImportDialog.multiCsv.test.tsx	test-fixture	test or fixture path
src/components/app/import/__tests__/import-csv-batch.test.ts	test-fixture	test or fixture path
src/components/app/import/__tests__/import-i18n.test.ts	test-fixture	test or fixture path
src/components/app/import/__tests__/import-notion-abort.test.ts	test-fixture	test or fixture path
src/components/app/import/import-service.ts	reviewed	batch 330 last-line length matched; model not tool-verified grok
src/components/app/import/markdown-to-blocks.ts	reviewed	batch 330 last-line length matched; model not tool-verified grok
src/components/app/index.ts	reviewed	batch 330 last-line length matched; model not tool-verified grok
src/components/app/landing-pages/ApproveConversion.tsx	reviewed	batch 330 last-line length matched; model not tool-verified grok
src/components/app/landing-pages/ApproveRequestPage.tsx	reviewed	batch 330 last-line length matched; model not tool-verified grok
src/components/app/landing-pages/AsGuest.tsx	reviewed	batch 330 last-line length matched; model not tool-verified grok
src/components/app/landing-pages/InviteCode.tsx	reviewed	batch 330 last-line length matched; model not tool-verified grok
src/components/app/landing-pages/RequestAccess.tsx	reviewed	batch 330 last-line length matched; model not tool-verified grok
src/components/app/layers/AppAuthLayer.tsx	reviewed	batch 330 last-line length matched; model not tool-verified grok
src/components/app/layers/AppBusinessLayer.tsx	reviewed	batch 330 last-line length matched; model not tool-verified grok
src/components/app/layers/AppSyncLayer.tsx	reviewed	batch 330 last-line length matched; model not tool-verified grok
src/components/app/layers/__tests__/AppAuthLayer.test.tsx	test-fixture	test or fixture path
src/components/app/layers/__tests__/AppBusinessLayer.permissionGate.test.tsx	test-fixture	test or fixture path
src/components/app/layers/__tests__/AppSyncLayer.test.tsx	test-fixture	test or fixture path
src/components/app/layers/__tests__/permissionProbe.test.ts	test-fixture	test or fixture path
src/components/app/layers/permissionProbe.ts	reviewed	batch 330 last-line length matched; model not tool-verified grok
src/components/app/outline/AnimatedCollapse.tsx	reviewed	batch 330 last-line length matched; model not tool-verified grok
src/components/app/outline/Outline.tsx	reviewed	batch 330 last-line length matched; model not tool-verified grok
src/components/app/outline/SpaceItem.tsx	reviewed	batch 331 last-line length matched; model not tool-verified grok
src/components/app/outline/ViewItem.tsx	reviewed	batch 331 last-line length matched; model not tool-verified grok
src/components/app/outline/__tests__/Outline.navigationContext.test.tsx	test-fixture	test or fixture path
src/components/app/outline/__tests__/sidebarRevalidation.test.ts	test-fixture	test or fixture path
src/components/app/outline/index.ts	reviewed	batch 331 last-line length matched; model not tool-verified grok
src/components/app/outline/reorder/useReorderableSidebarList.ts	reviewed	batch 331 last-line length matched; model not tool-verified grok
src/components/app/outline/sidebarRevalidation.ts	reviewed	batch 331 last-line length matched; model not tool-verified grok
src/components/app/publish-manage/HomePageSetting.stories.tsx	reviewed	batch 331 last-line length matched; model not tool-verified grok
src/components/app/publish-manage/HomePageSetting.tsx	reviewed	batch 331 last-line length matched; model not tool-verified grok
src/components/app/publish-manage/PublishManage.tsx	reviewed	batch 331 last-line length matched; model not tool-verified grok
src/components/app/publish-manage/PublishNameSetting.tsx	reviewed	batch 331 last-line length matched; model not tool-verified grok
src/components/app/publish-manage/PublishPagesSkeleton.tsx	reviewed	batch 331 last-line length matched; model not tool-verified grok
src/components/app/publish-manage/PublishedPageItem.tsx	reviewed	batch 331 last-line length matched; model not tool-verified grok
src/components/app/publish-manage/PublishedPages.tsx	reviewed	batch 331 last-line length matched; model not tool-verified grok
src/components/app/publish-manage/UpdateNamespace.tsx	reviewed	batch 331 last-line length matched; model not tool-verified grok
src/components/app/publish-manage/index.tsx	reviewed	batch 331 last-line length matched; model not tool-verified grok
src/components/app/recent/MobileRecent.tsx	reviewed	batch 331 last-line length matched; model not tool-verified grok
src/components/app/recent/MobileRecentViewCover.tsx	reviewed	batch 332 last-line length matched; model not tool-verified grok
src/components/app/recent/Recent.tsx	reviewed	batch 332 last-line length matched; model not tool-verified grok
src/components/app/recent/index.ts	reviewed	batch 332 last-line length matched; model not tool-verified grok
src/components/app/recent/useRecent.ts	reviewed	batch 332 last-line length matched; model not tool-verified grok
src/components/app/search/BestMatch.tsx	reviewed	batch 332 last-line length matched; model not tool-verified grok
src/components/app/search/ListItem.tsx	reviewed	batch 332 last-line length matched; model not tool-verified grok
src/components/app/search/RecentViews.tsx	reviewed	batch 332 last-line length matched; model not tool-verified grok
src/components/app/search/Search.tsx	reviewed	batch 332 last-line length matched; model not tool-verified grok
src/components/app/search/SearchAIOverview.tsx	reviewed	batch 332 last-line length matched; model not tool-verified grok
src/components/app/search/TitleMatch.tsx	reviewed	batch 332 last-line length matched; model not tool-verified grok
src/components/app/search/ViewList.tsx	reviewed	batch 332 last-line length matched; model not tool-verified grok
src/components/app/search/__tests__/BestMatch.test.tsx	test-fixture	test or fixture path
src/components/app/search/__tests__/Search.test.tsx	test-fixture	test or fixture path
src/components/app/search/__tests__/SearchAIOverview.test.tsx	test-fixture	test or fixture path
src/components/app/search/index.ts	reviewed	batch 332 last-line length matched; model not tool-verified grok
src/components/app/settings/AccountAppPanel.tsx	reviewed	batch 332 last-line length matched; model not tool-verified grok
src/components/app/settings/ManageDataPanel.tsx	reviewed	batch 332 last-line length matched; model not tool-verified grok
src/components/app/settings/MembersPanel.tsx	reviewed	batch 332 last-line length matched; model not tool-verified grok
src/components/app/settings/ProfilePanel.tsx	reviewed	batch 333 last-line length matched; model not tool-verified grok
src/components/app/settings/SettingMenu.tsx	reviewed	batch 333 last-line length matched; model not tool-verified grok
src/components/app/settings/Settings.tsx	reviewed	batch 333 last-line length matched; model not tool-verified grok
src/components/app/settings/SetupPasswordDialog.tsx	reviewed	batch 333 last-line length matched; model not tool-verified grok
src/components/app/settings/__tests__/MembersPanel.groups.test.tsx	test-fixture	test or fixture path
src/components/app/settings/index.ts	reviewed	batch 333 last-line length matched; model not tool-verified grok
src/components/app/settings/profile/BannerImages.tsx	reviewed	batch 333 last-line length matched; model not tool-verified grok
src/components/app/settings/profile/BannerTile.tsx	reviewed	batch 333 last-line length matched; model not tool-verified grok
src/components/app/settings/profile/ProfileAboutMe.tsx	reviewed	batch 333 last-line length matched; model not tool-verified grok
src/components/app/settings/profile/ProfileAvatar.tsx	reviewed	batch 333 last-line length matched; model not tool-verified grok
src/components/app/settings/profile/ProfileDisplayName.tsx	reviewed	batch 333 last-line length matched; model not tool-verified grok
src/components/app/settings/profile/ProfilePreview.tsx	reviewed	batch 333 last-line length matched; model not tool-verified grok
src/components/app/settings/profile/__tests__/banner.test.ts	test-fixture	test or fixture path
src/components/app/settings/profile/banner.ts	reviewed	batch 333 last-line length matched; model not tool-verified grok
src/components/app/settings/profile/profileMarkdown.tsx	reviewed	batch 333 last-line length matched; model not tool-verified grok; main-session rejected protocol-relative profile links
src/components/app/settings/profile/useAuthenticatedImage.ts	reviewed	batch 333 last-line length matched; model not tool-verified grok
src/components/app/settings/profile/useProfileSetting.ts	reviewed	batch 333 last-line length matched; model not tool-verified grok
src/components/app/share-with-me/ShareViewItem.tsx	reviewed	batch 334 last-line length matched; model not tool-verified grok
src/components/app/share-with-me/ShareWithMe.tsx	reviewed	batch 334 last-line length matched; model not tool-verified grok
src/components/app/share-with-me/index.ts	reviewed	batch 334 last-line length matched; model not tool-verified grok
src/components/app/share/AccessLevelDropdown.tsx	reviewed	batch 334 last-line length matched; model not tool-verified grok
src/components/app/share/CopyLink.tsx	reviewed	batch 334 last-line length matched; model not tool-verified grok
src/components/app/share/ExportPanel.tsx	reviewed	batch 334 last-line length matched; model not tool-verified grok
src/components/app/share/GeneralAccess.tsx	reviewed	batch 334 last-line length matched; model not tool-verified grok
src/components/app/share/GroupAccessLevelDropdown.tsx	reviewed	batch 334 last-line length matched; model not tool-verified grok
src/components/app/share/InviteGuest.tsx	reviewed	batch 334 last-line length matched; model not tool-verified grok
src/components/app/share/InviteInput.tsx	reviewed	batch 334 last-line length matched; model not tool-verified grok
src/components/app/share/LinkPreview.tsx	reviewed	batch 334 last-line length matched; model not tool-verified grok
src/components/app/share/PeopleWithAccess.tsx	reviewed	batch 334 last-line length matched; model not tool-verified grok
src/components/app/share/PersonAvatar.tsx	reviewed	batch 334 last-line length matched; model not tool-verified grok
src/components/app/share/PersonItem.tsx	reviewed	batch 334 last-line length matched; model not tool-verified grok
src/components/app/share/PersonSuggestionItem.tsx	reviewed	batch 334 last-line length matched; model not tool-verified grok
src/components/app/share/PublishLinkPreview.tsx	reviewed	batch 335 last-line length matched; model not tool-verified grok
src/components/app/share/PublishPanel.tsx	reviewed	batch 335 last-line length matched; model not tool-verified grok
src/components/app/share/RemoveAccessConfirmDialog.tsx	reviewed	batch 335 last-line length matched; model not tool-verified grok
src/components/app/share/RequestAccessContent.tsx	reviewed	batch 335 last-line length matched; model not tool-verified grok
src/components/app/share/ShareButton.tsx	reviewed	batch 335 last-line length matched; model not tool-verified grok
src/components/app/share/SharePanel.tsx	reviewed	batch 335 last-line length matched; model not tool-verified grok
src/components/app/share/ShareTabs.tsx	reviewed	batch 335 last-line length matched; model not tool-verified grok
src/components/app/share/TemplatePanel.tsx	reviewed	batch 335 last-line length matched; model not tool-verified grok
src/components/app/share/UpgradeBanner.stories.tsx	reviewed	batch 335 last-line length matched; model not tool-verified grok
src/components/app/share/UpgradeBanner.tsx	reviewed	batch 335 last-line length matched; model not tool-verified grok
src/components/app/share/WorkspaceGroupIcon.tsx	reviewed	batch 335 last-line length matched; model not tool-verified grok
src/components/app/share/WorkspaceMemberInlineSearch.tsx	reviewed	batch 335 last-line length matched; model not tool-verified grok
src/components/app/share/__tests__/AccessLevelDropdown.test.tsx	test-fixture	test or fixture path
src/components/app/share/__tests__/GroupAccessLevelDropdown.test.tsx	test-fixture	test or fixture path
src/components/app/share/__tests__/InviteGuest.test.tsx	test-fixture	test or fixture path
src/components/app/share/__tests__/PeopleWithAccess.test.tsx	test-fixture	test or fixture path
src/components/app/share/__tests__/PersonItem.test.tsx	test-fixture	test or fixture path
src/components/app/share/__tests__/ShareButton.test.tsx	test-fixture	test or fixture path
src/components/app/share/__tests__/SharePanel.test.tsx	test-fixture	test or fixture path
src/components/app/share/__tests__/ShareTabs.test.tsx	test-fixture	test or fixture path
src/components/app/share/__tests__/WorkspaceGroupIcon.test.tsx	test-fixture	test or fixture path
src/components/app/share/__tests__/useShareAccessDetails.hook.test.ts	test-fixture	test or fixture path
src/components/app/share/index.ts	reviewed	batch 335 last-line length matched; model not tool-verified grok
src/components/app/share/publish.hooks.ts	reviewed	batch 335 last-line length matched; model not tool-verified grok
src/components/app/share/shareAccessLevel.ts	reviewed	batch 335 last-line length matched; model not tool-verified grok
src/components/app/share/shareSectionType.ts	reviewed	batch 336 last-line length matched; model not tool-verified grok
src/components/app/share/useShareAccessDetails.test.ts	reviewed	batch 336 last-line length matched; model not tool-verified grok
src/components/app/share/useShareAccessDetails.ts	reviewed	batch 336 last-line length matched; model not tool-verified grok
src/components/app/trash/Trash.tsx	reviewed	batch 336 last-line length matched; model not tool-verified grok
src/components/app/trash/index.ts	reviewed	batch 336 last-line length matched; model not tool-verified grok
src/components/app/useWorkspaceMemberProfile.ts	reviewed	batch 336 last-line length matched; model not tool-verified grok
src/components/app/view-actions/AddPageActions.tsx	reviewed	batch 336 last-line length matched; model not tool-verified grok
src/components/app/view-actions/CreateSpaceModal.tsx	reviewed	batch 336 last-line length matched; model not tool-verified grok
src/components/app/view-actions/DeletePageConfirm.tsx	reviewed	batch 336 last-line length matched; model not tool-verified grok
src/components/app/view-actions/DeleteSpaceConfirm.tsx	reviewed	batch 336 last-line length matched; model not tool-verified grok
src/components/app/view-actions/ManageSpace.tsx	reviewed	batch 336 last-line length matched; model not tool-verified grok
src/components/app/view-actions/MorePageActions.tsx	reviewed	batch 336 last-line length matched; model not tool-verified grok
src/components/app/view-actions/MoreSpaceActions.tsx	reviewed	batch 336 last-line length matched; model not tool-verified grok
src/components/app/view-actions/MovePagePopover.tsx	reviewed	batch 336 last-line length matched; model not tool-verified grok
src/components/app/view-actions/NewPage.tsx	reviewed	batch 336 last-line length matched; model not tool-verified grok
src/components/app/view-actions/RenameModal.tsx	reviewed	batch 337 last-line length matched; model not tool-verified grok
src/components/app/view-actions/SpaceIconButton.tsx	reviewed	batch 337 last-line length matched; model not tool-verified grok
src/components/app/view-actions/SpacePermissionButton.tsx	reviewed	batch 337 last-line length matched; model not tool-verified grok
src/components/app/view-actions/ViewActionsPopover.tsx	reviewed	batch 337 last-line length matched; model not tool-verified grok
src/components/app/view-actions/__tests__/AddPageActions.test.tsx	test-fixture	test or fixture path
src/components/app/view-actions/__tests__/CreateSpaceModal.test.tsx	test-fixture	test or fixture path
src/components/app/view-actions/__tests__/ManageSpace.test.tsx	test-fixture	test or fixture path
src/components/app/view-actions/__tests__/RenameModal.test.tsx	test-fixture	test or fixture path
src/components/app/view-actions/__tests__/actionPermissionGates.test.tsx	test-fixture	test or fixture path
src/components/app/view-actions/__tests__/useSpaceActionPermissions.test.ts	test-fixture	test or fixture path
src/components/app/view-actions/useSpaceActionPermissions.ts	reviewed	batch 337 last-line length matched; model not tool-verified grok
src/components/app/view-actions/useViewActionPermissions.test.ts	reviewed	batch 337 last-line length matched; model not tool-verified grok
src/components/app/view-actions/useViewActionPermissions.ts	reviewed	batch 337 last-line length matched; model not tool-verified grok
src/components/app/view-actions/viewActionPermission.ts	reviewed	batch 337 last-line length matched; model not tool-verified grok
src/components/app/workspaces/CurrentWorkspace.tsx	reviewed	batch 337 last-line length matched; model not tool-verified grok
src/components/app/workspaces/DeleteWorkspace.tsx	reviewed	batch 337 last-line length matched; model not tool-verified grok
src/components/app/workspaces/EditWorkspace.tsx	reviewed	batch 337 last-line length matched; model not tool-verified grok
src/components/app/workspaces/InviteMember.tsx	reviewed	batch 337 last-line length matched; model not tool-verified grok
src/components/app/workspaces/LeaveWorkspace.tsx	reviewed	batch 337 last-line length matched; model not tool-verified grok
src/components/app/workspaces/LogoutConfirm.tsx	reviewed	batch 337 last-line length matched; model not tool-verified grok
src/components/app/workspaces/MobileWorkspaces.tsx	reviewed	batch 337 last-line length matched; model not tool-verified grok
src/components/app/workspaces/MoreActions.tsx	reviewed	batch 338 last-line length matched; model not tool-verified grok
src/components/app/workspaces/WorkspaceItem.tsx	reviewed	batch 338 last-line length matched; model not tool-verified grok
src/components/app/workspaces/WorkspaceList.tsx	reviewed	batch 338 last-line length matched; model not tool-verified grok
src/components/app/workspaces/Workspaces.tsx	reviewed	batch 338 last-line length matched; model not tool-verified grok
src/components/app/workspaces/index.ts	reviewed	batch 338 last-line length matched; model not tool-verified grok
src/components/app/workspaces/modal-props.ts	reviewed	batch 338 last-line length matched; model not tool-verified grok
src/components/app/workspaces/utils.ts	reviewed	batch 338 last-line length matched; model not tool-verified grok
src/components/as-template/AsTemplate.tsx	reviewed	batch 338 last-line length matched; model not tool-verified grok
src/components/as-template/AsTemplateButton.tsx	reviewed	batch 338 last-line length matched; model not tool-verified grok; main-session encoded the template view name and id
src/components/as-template/AsTemplateForm.tsx	reviewed	batch 338 last-line length matched; model not tool-verified grok
src/components/as-template/DeleteTemplate.tsx	reviewed	batch 338 last-line length matched; model not tool-verified grok
src/components/as-template/category/AddCategory.tsx	reviewed	batch 338 last-line length matched; model not tool-verified grok
src/components/as-template/category/BgColorPicker.tsx	reviewed	batch 338 last-line length matched; model not tool-verified grok
src/components/as-template/category/Categories.tsx	reviewed	batch 338 last-line length matched; model not tool-verified grok
src/components/as-template/category/CategoryForm.tsx	reviewed	batch 338 last-line length matched; model not tool-verified grok
src/components/as-template/category/CategoryItem.tsx	reviewed	batch 339 last-line length matched; model not tool-verified grok
src/components/as-template/category/DeleteCategory.tsx	reviewed	batch 339 last-line length matched; model not tool-verified grok
src/components/as-template/category/EditCategory.tsx	reviewed	batch 339 last-line length matched; model not tool-verified grok
src/components/as-template/category/IconPicker.tsx	reviewed	batch 339 last-line length matched; model not tool-verified grok
src/components/as-template/creator/AccountLinks.tsx	reviewed	batch 339 last-line length matched; model not tool-verified grok
src/components/as-template/creator/AddCreator.tsx	reviewed	batch 339 last-line length matched; model not tool-verified grok
src/components/as-template/creator/Creator.tsx	reviewed	batch 339 last-line length matched; model not tool-verified grok; main-session only linked http and https creator accounts
src/components/as-template/creator/CreatorAvatar.tsx	reviewed	batch 339 last-line length matched; model not tool-verified grok
src/components/as-template/creator/CreatorForm.tsx	reviewed	batch 339 last-line length matched; model not tool-verified grok
src/components/as-template/creator/CreatorItem.tsx	reviewed	batch 339 last-line length matched; model not tool-verified grok
src/components/as-template/creator/DeleteCreator.tsx	reviewed	batch 339 last-line length matched; model not tool-verified grok
src/components/as-template/creator/EditCreator.tsx	reviewed	batch 339 last-line length matched; model not tool-verified grok
src/components/as-template/creator/UploadAvatar.tsx	reviewed	batch 339 last-line length matched; model not tool-verified grok
src/components/as-template/hooks.ts	reviewed	batch 339 last-line length matched; model not tool-verified grok
src/components/as-template/icons.tsx	reviewed	batch 339 last-line length matched; model not tool-verified grok
src/components/as-template/index.ts	reviewed	batch 340 last-line length matched; model not tool-verified grok
src/components/as-template/related-template/AddRelatedTemplates.tsx	reviewed	batch 340 last-line length matched; model not tool-verified grok
src/components/as-template/related-template/CategoryTemplateItem.tsx	reviewed	batch 340 last-line length matched; model not tool-verified grok
src/components/as-template/related-template/CategoryTemplates.tsx	reviewed	batch 340 last-line length matched; model not tool-verified grok
src/components/as-template/related-template/RelatedTemplates.tsx	reviewed	batch 340 last-line length matched; model not tool-verified grok
src/components/as-template/related-template/TemplateItem.tsx	reviewed	batch 340 last-line length matched; model not tool-verified grok
src/components/as-template/template.scss	reviewed	batch 340 last-line length matched; model not tool-verified grok
src/components/as-template/utils.ts	reviewed	batch 340 last-line length matched; model not tool-verified grok
src/components/billing/Billing.tsx	reviewed	batch 340 last-line length matched; model not tool-verified grok
src/components/billing/CancelSubscribe.tsx	reviewed	batch 340 last-line length matched; model not tool-verified grok
src/components/billing/UpgradeAIMax.tsx	reviewed	batch 340 last-line length matched; model not tool-verified grok
src/components/billing/UpgradePlan.stories.tsx	reviewed	batch 340 last-line length matched; model not tool-verified grok
src/components/billing/UpgradePlan.tsx	reviewed	batch 340 last-line length matched; model not tool-verified grok
src/components/billing/index.ts	reviewed	batch 340 last-line length matched; model not tool-verified grok
src/components/chat/__tests__/ChatMessagesProvider.test.tsx	test-fixture	test or fixture path
src/components/chat/__tests__/ChatRequest.test.ts	test-fixture	test or fixture path
src/components/chat/__tests__/PromptModalProvider.test.tsx	test-fixture	test or fixture path
src/components/chat/__tests__/copy.test.ts	test-fixture	test or fixture path
src/components/chat/__tests__/model-cache.test.ts	test-fixture	test or fixture path
src/components/chat/__tests__/useChatMessages.test.ts	test-fixture	test or fixture path
src/components/chat/__tests__/utils.test.ts	test-fixture	test or fixture path
src/components/chat/chat/context.ts	reviewed	batch 340 last-line length matched; model not tool-verified grok
src/components/chat/chat/index.tsx	reviewed	batch 341 last-line length matched; model not tool-verified grok
src/components/chat/chat/main.tsx	reviewed	batch 341 last-line length matched; model not tool-verified grok
src/components/chat/components/add-messages-to-page-wrapper/index.tsx	reviewed	batch 341 last-line length matched; model not tool-verified grok
src/components/chat/components/add-messages-to-page-wrapper/space-list.tsx	reviewed	batch 341 last-line length matched; model not tool-verified grok
src/components/chat/components/add-messages-to-page-wrapper/view-item.tsx	reviewed	batch 341 last-line length matched; model not tool-verified grok
src/components/chat/components/add-messages-to-page-wrapper/view-list.tsx	reviewed	batch 341 last-line length matched; model not tool-verified grok
src/components/chat/components/ai-writer/ai-writer-menu-content.tsx	reviewed	batch 341 last-line length matched; model not tool-verified grok
src/components/chat/components/ai-writer/confirm-discard.tsx	reviewed	batch 341 last-line length matched; model not tool-verified grok
src/components/chat/components/ai-writer/error.tsx	reviewed	batch 341 last-line length matched; model not tool-verified grok
src/components/chat/components/ai-writer/index.tsx	reviewed	batch 341 last-line length matched; model not tool-verified grok
src/components/chat/components/ai-writer/loading.tsx	reviewed	batch 341 last-line length matched; model not tool-verified grok
src/components/chat/components/ai-writer/render-editor.tsx	reviewed	batch 341 last-line length matched; model not tool-verified grok
src/components/chat/components/ai-writer/tools/ask-anything.tsx	reviewed	batch 341 last-line length matched; model not tool-verified grok
src/components/chat/components/ai-writer/tools/explain-toolbar.tsx	reviewed	batch 341 last-line length matched; model not tool-verified grok
src/components/chat/components/ai-writer/tools/explain.tsx	reviewed	batch 341 last-line length matched; model not tool-verified grok
src/components/chat/components/ai-writer/tools/fix-spelling.tsx	reviewed	batch 342 last-line length matched; model not tool-verified grok
src/components/chat/components/ai-writer/tools/improve-writing.tsx	reviewed	batch 342 last-line length matched; model not tool-verified grok
src/components/chat/components/ai-writer/tools/with-comment.tsx	reviewed	batch 342 last-line length matched; model not tool-verified grok
src/components/chat/components/ai-writer/use-ensure-bottom-visible.ts	reviewed	batch 342 last-line length matched; model not tool-verified grok
src/components/chat/components/ai-writer/utils.ts	reviewed	batch 342 last-line length matched; model not tool-verified grok
src/components/chat/components/ai-writer/view-tree/index.tsx	reviewed	batch 342 last-line length matched; model not tool-verified grok
src/components/chat/components/ai-writer/view-tree/spaces.tsx	reviewed	batch 342 last-line length matched; model not tool-verified grok
src/components/chat/components/ai-writer/writing-input.tsx	reviewed	batch 342 last-line length matched; model not tool-verified grok
src/components/chat/components/ai-writer/writing-more.tsx	reviewed	batch 342 last-line length matched; model not tool-verified grok
src/components/chat/components/chat-input/index.tsx	reviewed	batch 342 last-line length matched; model not tool-verified grok
src/components/chat/components/chat-input/model-selector/index.tsx	reviewed	batch 342 last-line length matched; model not tool-verified grok
src/components/chat/components/chat-input/prompt-modal/index.tsx	reviewed	batch 342 last-line length matched; model not tool-verified grok
src/components/chat/components/chat-input/prompt-modal/prompt-card.tsx	reviewed	batch 342 last-line length matched; model not tool-verified grok
src/components/chat/components/chat-input/prompt-modal/prompt-category.tsx	reviewed	batch 342 last-line length matched; model not tool-verified grok
src/components/chat/components/chat-input/prompt-modal/prompt-database/index.tsx	reviewed	batch 342 last-line length matched; model not tool-verified grok
src/components/chat/components/chat-input/prompt-modal/prompt-database/invalid-database-dialog.tsx	reviewed	batch 343 last-line length matched; model not tool-verified grok
src/components/chat/components/chat-input/prompt-modal/prompt-database/prompt-database-views.tsx	reviewed	batch 343 last-line length matched; model not tool-verified grok
src/components/chat/components/chat-input/prompt-modal/prompt-database/space-list.tsx	reviewed	batch 343 last-line length matched; model not tool-verified grok
src/components/chat/components/chat-input/prompt-modal/prompt-database/view-item.tsx	reviewed	batch 343 last-line length matched; model not tool-verified grok
src/components/chat/components/chat-input/prompt-modal/prompt-database/view-list.tsx	reviewed	batch 343 last-line length matched; model not tool-verified grok
src/components/chat/components/chat-input/prompt-modal/prompt-preview.tsx	reviewed	batch 343 last-line length matched; model not tool-verified grok
src/components/chat/components/chat-input/related-views/__tests__/index.test.tsx	test-fixture	test or fixture path
src/components/chat/components/chat-input/related-views/__tests__/spaces.test.tsx	test-fixture	test or fixture path
src/components/chat/components/chat-input/related-views/index.tsx	reviewed	batch 343 last-line length matched; model not tool-verified grok
src/components/chat/components/chat-input/related-views/spaces.tsx	reviewed	batch 343 last-line length matched; model not tool-verified grok
src/components/chat/components/chat-messages/__tests__/answer-md.test.tsx	test-fixture	test or fixture path
src/components/chat/components/chat-messages/__tests__/citation-markdown.test.ts	test-fixture	test or fixture path
src/components/chat/components/chat-messages/__tests__/empty-messages.test.tsx	test-fixture	test or fixture path
src/components/chat/components/chat-messages/__tests__/message-sources.test.tsx	test-fixture	test or fixture path
src/components/chat/components/chat-messages/add-message-to.tsx	reviewed	batch 343 last-line length matched; model not tool-verified grok
src/components/chat/components/chat-messages/ai-answer.tsx	reviewed	batch 343 last-line length matched; model not tool-verified grok
src/components/chat/components/chat-messages/answer-md.tsx	reviewed	batch 343 last-line length matched; model not tool-verified grok
src/components/chat/components/chat-messages/assistant-message.tsx	reviewed	batch 343 last-line length matched; model not tool-verified grok
src/components/chat/components/chat-messages/citation-markdown.ts	reviewed	batch 343 last-line length matched; model not tool-verified grok
src/components/chat/components/chat-messages/empty-messages.tsx	reviewed	batch 343 last-line length matched; model not tool-verified grok
src/components/chat/components/chat-messages/human-question.tsx	reviewed	batch 343 last-line length matched; model not tool-verified grok
src/components/chat/components/chat-messages/index.tsx	reviewed	batch 344 last-line length matched; model not tool-verified grok
src/components/chat/components/chat-messages/message-actions.tsx	reviewed	batch 344 last-line length matched; model not tool-verified grok
src/components/chat/components/chat-messages/message-checkbox.tsx	reviewed	batch 344 last-line length matched; model not tool-verified grok
src/components/chat/components/chat-messages/message-sources.tsx	reviewed	batch 344 last-line length matched; model not tool-verified grok
src/components/chat/components/chat-messages/message-suggestions.tsx	reviewed	batch 344 last-line length matched; model not tool-verified grok
src/components/chat/components/chat-messages/message.tsx	reviewed	batch 344 last-line length matched; model not tool-verified grok
src/components/chat/components/chat-messages/regenerations.tsx	reviewed	batch 344 last-line length matched; model not tool-verified grok
src/components/chat/components/chat-messages/use-chat-messages.ts	reviewed	batch 344 last-line length matched; model not tool-verified grok
src/components/chat/components/multi-selection/banner.tsx	reviewed	batch 344 last-line length matched; model not tool-verified grok
src/components/chat/components/multi-selection/context.ts	reviewed	batch 344 last-line length matched; model not tool-verified grok
src/components/chat/components/ui/alert.tsx	reviewed	batch 344 last-line length matched; model not tool-verified grok
src/components/chat/components/ui/format-group.tsx	reviewed	batch 344 last-line length matched; model not tool-verified grok
src/components/chat/components/ui/loading-dots.tsx	reviewed	batch 344 last-line length matched; model not tool-verified grok
src/components/chat/components/ui/search-input.tsx	reviewed	batch 344 last-line length matched; model not tool-verified grok
src/components/chat/components/ui/textarea.tsx	reviewed	batch 344 last-line length matched; model not tool-verified grok
src/components/chat/components/view/page-icon.tsx	reviewed	batch 345 last-line length matched; model not tool-verified grok
src/components/chat/components/view/space-item.tsx	reviewed	batch 345 last-line length matched; model not tool-verified grok
src/components/chat/components/view/view-children.tsx	reviewed	batch 345 last-line length matched; model not tool-verified grok
src/components/chat/components/view/view-item.tsx	reviewed	batch 345 last-line length matched; model not tool-verified grok
src/components/chat/contexts/model-selector-context.tsx	reviewed	batch 345 last-line length matched; model not tool-verified grok
src/components/chat/data/built_in_prompts.d.ts	reviewed	batch 345 last-line length matched; model not tool-verified grok
src/components/chat/data/built_in_prompts.json	reviewed	batch 345 last-line length matched; model not tool-verified grok
src/components/chat/hooks/__tests__/use-chat-settings-loader.test.tsx	test-fixture	test or fixture path
src/components/chat/hooks/__tests__/use-rag-scope-loader.test.tsx	test-fixture	test or fixture path
src/components/chat/hooks/use-chat-settings-loader.ts	reviewed	batch 345 last-line length matched; model not tool-verified grok
src/components/chat/hooks/use-checkbox-tree.ts	reviewed	batch 345 last-line length matched; model not tool-verified grok
src/components/chat/hooks/use-rag-scope-loader.ts	reviewed	batch 345 last-line length matched; model not tool-verified grok
src/components/chat/hooks/use-user-loader.ts	reviewed	batch 345 last-line length matched; model not tool-verified grok
src/components/chat/hooks/use-view-content-inserter.ts	reviewed	batch 345 last-line length matched; model not tool-verified grok
src/components/chat/index.ts	reviewed	batch 345 last-line length matched; model not tool-verified grok
src/components/chat/lib/animations.ts	reviewed	batch 345 last-line length matched; model not tool-verified grok
src/components/chat/lib/const.ts	reviewed	batch 345 last-line length matched; model not tool-verified grok
src/components/chat/lib/copy.ts	reviewed	batch 346 last-line length matched; model not tool-verified grok
src/components/chat/lib/model-cache.ts	reviewed	batch 346 last-line length matched; model not tool-verified grok
src/components/chat/lib/requets.ts	reviewed	batch 346 last-line length matched; model not tool-verified grok
src/components/chat/lib/utils.ts	reviewed	batch 346 last-line length matched; model not tool-verified grok
src/components/chat/lib/views.ts	reviewed	batch 346 last-line length matched; model not tool-verified grok
src/components/chat/provider/__tests__/messages-handler-provider.rag-scope.test.tsx	test-fixture	test or fixture path
src/components/chat/provider/ai-assistant-provider.tsx	reviewed	batch 346 last-line length matched; model not tool-verified grok
src/components/chat/provider/editor-provider.tsx	reviewed	batch 346 last-line length matched; model not tool-verified grok
src/components/chat/provider/message-animation-provider.tsx	reviewed	batch 346 last-line length matched; model not tool-verified grok
src/components/chat/provider/messages-handler-provider.tsx	reviewed	batch 346 last-line length matched; model not tool-verified grok
src/components/chat/provider/messages-provider.tsx	reviewed	batch 346 last-line length matched; model not tool-verified grok
src/components/chat/provider/prompt-modal-provider.tsx	reviewed	batch 346 last-line length matched; model not tool-verified grok
src/components/chat/provider/response-format-provider.tsx	reviewed	batch 346 last-line length matched; model not tool-verified grok
src/components/chat/provider/selection-mode-provider.tsx	reviewed	batch 346 last-line length matched; model not tool-verified grok
src/components/chat/provider/suggestions-provider.tsx	reviewed	batch 346 last-line length matched; model not tool-verified grok
src/components/chat/provider/view-loader-provider.tsx	reviewed	batch 346 last-line length matched; model not tool-verified grok
src/components/chat/request/__tests__/stream-json-parser.test.ts	test-fixture	test or fixture path
src/components/chat/request/chat-request.ts	reviewed	batch 347 last-line length matched; model not tool-verified grok
src/components/chat/request/index.ts	reviewed	batch 347 last-line length matched; model not tool-verified grok
src/components/chat/request/stream-json-parser.ts	reviewed	batch 347 last-line length matched; model not tool-verified grok
src/components/chat/request/writer-request.ts	reviewed	batch 347 last-line length matched; model not tool-verified grok
src/components/chat/types/ai-model.ts	reviewed	batch 347 last-line length matched; model not tool-verified grok
src/components/chat/types/checkbox.ts	reviewed	batch 347 last-line length matched; model not tool-verified grok
src/components/chat/types/index.ts	reviewed	batch 347 last-line length matched; model not tool-verified grok
src/components/chat/types/prompt.ts	reviewed	batch 347 last-line length matched; model not tool-verified grok
src/components/chat/types/request.ts	reviewed	batch 347 last-line length matched; model not tool-verified grok
src/components/chat/types/writer.ts	reviewed	batch 347 last-line length matched; model not tool-verified grok
src/components/chat/vite-env.d.ts	reviewed	batch 347 last-line length matched; model not tool-verified grok
src/components/chat/writer/ai-writer-menu.tsx	reviewed	batch 347 last-line length matched; model not tool-verified grok
src/components/chat/writer/context-placeholder.tsx	reviewed	batch 347 last-line length matched; model not tool-verified grok
src/components/chat/writer/context.ts	reviewed	batch 347 last-line length matched; model not tool-verified grok
src/components/chat/writer/index.ts	reviewed	batch 347 last-line length matched; model not tool-verified grok
src/components/chat/writer/use-ai-writer.tsx	reviewed	batch 348 last-line length matched; model not tool-verified grok
src/components/database/Database.tsx	reviewed	batch 348 last-line length matched; model not tool-verified grok
src/components/database/DatabaseContext.tsx	reviewed	batch 348 last-line length matched; model not tool-verified grok
src/components/database/DatabaseRow.tsx	reviewed	batch 348 last-line length matched; model not tool-verified grok
src/components/database/DatabaseRowModal.tsx	reviewed	batch 348 last-line length matched; model not tool-verified grok
src/components/database/DatabaseViews.tsx	reviewed	batch 348 last-line length matched; model not tool-verified grok
src/components/database/__tests__/Database.prefetch-lifecycle.test.tsx	test-fixture	test or fixture path
src/components/database/__tests__/DatabaseRowModal.readonly.test.tsx	test-fixture	test or fixture path
src/components/database/__tests__/DatabaseViews.order.test.tsx	test-fixture	test or fixture path
src/components/database/__tests__/database-test-context.test.ts	test-fixture	test or fixture path
src/components/database/__tests__/layout.test.ts	test-fixture	test or fixture path
src/components/database/__tests__/view-order.test.ts	test-fixture	test or fixture path
src/components/database/board/Board.tsx	reviewed	batch 348 last-line length matched; model not tool-verified grok
src/components/database/board/BoardProvider.tsx	reviewed	batch 348 last-line length matched; model not tool-verified grok
src/components/database/board/index.ts	reviewed	batch 348 last-line length matched; model not tool-verified grok
src/components/database/chart/Chart.tsx	reviewed	batch 348 last-line length matched; model not tool-verified grok
src/components/database/chart/ChartEmptyState.tsx	reviewed	batch 348 last-line length matched; model not tool-verified grok
src/components/database/chart/ChartProvider.tsx	reviewed	batch 348 last-line length matched; model not tool-verified grok
src/components/database/chart/ChartRowListPopup.tsx	reviewed	batch 348 last-line length matched; model not tool-verified grok
src/components/database/chart/hooks/index.ts	reviewed	batch 348 last-line length matched; model not tool-verified grok
src/components/database/chart/hooks/useChartColors.ts	reviewed	batch 348 last-line length matched; model not tool-verified grok
src/components/database/chart/hooks/useChartData.test.tsx	reviewed	batch 349 last-line length matched; model not tool-verified grok
src/components/database/chart/hooks/useChartData.ts	reviewed	batch 349 last-line length matched; model not tool-verified grok
src/components/database/chart/index.ts	reviewed	batch 349 last-line length matched; model not tool-verified grok
src/components/database/chart/useChartContext.ts	reviewed	batch 349 last-line length matched; model not tool-verified grok
src/components/database/chart/widgets/BarChart.tsx	reviewed	batch 349 last-line length matched; model not tool-verified grok
src/components/database/chart/widgets/ChartTooltip.tsx	reviewed	batch 349 last-line length matched; model not tool-verified grok
src/components/database/chart/widgets/DonutChart.tsx	reviewed	batch 349 last-line length matched; model not tool-verified grok
src/components/database/chart/widgets/HorizontalBarChart.tsx	reviewed	batch 349 last-line length matched; model not tool-verified grok
src/components/database/chart/widgets/LineChart.tsx	reviewed	batch 349 last-line length matched; model not tool-verified grok
src/components/database/chart/widgets/__tests__/BarChart.test.tsx	test-fixture	test or fixture path
src/components/database/chart/widgets/chartUtils.ts	reviewed	batch 349 last-line length matched; model not tool-verified grok
src/components/database/chart/widgets/index.ts	reviewed	batch 349 last-line length matched; model not tool-verified grok
src/components/database/components/UnsupportedView.tsx	reviewed	batch 349 last-line length matched; model not tool-verified grok
src/components/database/components/board/card/Card.tsx	reviewed	batch 349 last-line length matched; model not tool-verified grok
src/components/database/components/board/card/CardPrimitive.tsx	reviewed	batch 349 last-line length matched; model not tool-verified grok
src/components/database/components/board/card/CardToolbar.tsx	reviewed	batch 349 last-line length matched; model not tool-verified grok
src/components/database/components/board/card/NewCard.tsx	reviewed	batch 350 last-line length matched; model not tool-verified grok
src/components/database/components/board/card/__tests__/CardPrimitive.test.tsx	test-fixture	test or fixture path
src/components/database/components/board/card/index.ts	reviewed	batch 350 last-line length matched; model not tool-verified grok
src/components/database/components/board/card/useBottomEdgeIntersection.ts	reviewed	batch 350 last-line length matched; model not tool-verified grok
src/components/database/components/board/column/CardList.tsx	reviewed	batch 350 last-line length matched; model not tool-verified grok
src/components/database/components/board/column/Column.tsx	reviewed	batch 350 last-line length matched; model not tool-verified grok
src/components/database/components/board/column/ColumnDeleteConfirm.tsx	reviewed	batch 350 last-line length matched; model not tool-verified grok
src/components/database/components/board/column/ColumnHeader.tsx	reviewed	batch 350 last-line length matched; model not tool-verified grok
src/components/database/components/board/column/ColumnHeaderPrimitive.tsx	reviewed	batch 350 last-line length matched; model not tool-verified grok
src/components/database/components/board/column/ColumnMenu.tsx	reviewed	batch 350 last-line length matched; model not tool-verified grok
src/components/database/components/board/column/ColumnRename.tsx	reviewed	batch 350 last-line length matched; model not tool-verified grok
src/components/database/components/board/column/HiddenColumnItem.tsx	reviewed	batch 350 last-line length matched; model not tool-verified grok
src/components/database/components/board/column/HiddenGroupColumn.tsx	reviewed	batch 350 last-line length matched; model not tool-verified grok
src/components/database/components/board/column/HiddenGroupColumnHeader.tsx	reviewed	batch 350 last-line length matched; model not tool-verified grok
src/components/database/components/board/column/HiddenItemMenu.tsx	reviewed	batch 350 last-line length matched; model not tool-verified grok
src/components/database/components/board/column/__tests__/CardList.test.tsx	test-fixture	test or fixture path
src/components/database/components/board/column/__tests__/HiddenColumnItem.test.tsx	test-fixture	test or fixture path
src/components/database/components/board/column/index.ts	reviewed	batch 350 last-line length matched; model not tool-verified grok
src/components/database/components/board/column/useCardsDrag.ts	reviewed	batch 351 last-line length matched; model not tool-verified grok
src/components/database/components/board/column/useColumnHeaderDrag.ts	reviewed	batch 351 last-line length matched; model not tool-verified grok
src/components/database/components/board/column/useRenderColumn.tsx	reviewed	batch 351 last-line length matched; model not tool-verified grok
src/components/database/components/board/drag-and-drop/DropCardIndicator.tsx	reviewed	batch 351 last-line length matched; model not tool-verified grok
src/components/database/components/board/drag-and-drop/DropColumnIndicator.tsx	reviewed	batch 351 last-line length matched; model not tool-verified grok
src/components/database/components/board/drag-and-drop/board-context.ts	reviewed	batch 351 last-line length matched; model not tool-verified grok
src/components/database/components/board/drag-and-drop/column-context.ts	reviewed	batch 351 last-line length matched; model not tool-verified grok
src/components/database/components/board/drag-and-drop/registry.ts	reviewed	batch 351 last-line length matched; model not tool-verified grok
src/components/database/components/board/drag-and-drop/useColumnsDrag.ts	reviewed	batch 351 last-line length matched; model not tool-verified grok
src/components/database/components/board/group/AddGroupColumn.tsx	reviewed	batch 351 last-line length matched; model not tool-verified grok
src/components/database/components/board/group/Columns.tsx	reviewed	batch 351 last-line length matched; model not tool-verified grok
src/components/database/components/board/group/Group.tsx	reviewed	batch 351 last-line length matched; model not tool-verified grok
src/components/database/components/board/group/GroupHeader.tsx	reviewed	batch 351 last-line length matched; model not tool-verified grok
src/components/database/components/board/group/GroupStickyHeader.tsx	reviewed	batch 351 last-line length matched; model not tool-verified grok
src/components/database/components/board/group/__tests__/Group.loading.test.tsx	test-fixture	test or fixture path
src/components/database/components/board/group/index.ts	reviewed	batch 351 last-line length matched; model not tool-verified grok
src/components/database/components/board/group/useNavigationKey.ts	reviewed	batch 352 last-line length matched; model not tool-verified grok
src/components/database/components/board/index.ts	reviewed	batch 352 last-line length matched; model not tool-verified grok
src/components/database/components/cell/Cell.hooks.ts	reviewed	batch 352 last-line length matched; model not tool-verified grok
src/components/database/components/cell/Cell.tsx	reviewed	batch 352 last-line length matched; model not tool-verified grok
src/components/database/components/cell/ai-text/AITextCell.tsx	reviewed	batch 352 last-line length matched; model not tool-verified grok
src/components/database/components/cell/ai-text/AITextCellActions.tsx	reviewed	batch 352 last-line length matched; model not tool-verified grok
src/components/database/components/cell/attribution/AttributionCell.tsx	reviewed	batch 352 last-line length matched; model not tool-verified grok
src/components/database/components/cell/attribution/__tests__/AttributionCell.test.tsx	test-fixture	test or fixture path
src/components/database/components/cell/attribution/index.ts	reviewed	batch 352 last-line length matched; model not tool-verified grok
src/components/database/components/cell/cell.const.ts	reviewed	batch 352 last-line length matched; model not tool-verified grok
src/components/database/components/cell/checkbox/CheckboxCell.tsx	reviewed	batch 352 last-line length matched; model not tool-verified grok
src/components/database/components/cell/checkbox/__tests__/CheckboxCell.test.tsx	test-fixture	test or fixture path
src/components/database/components/cell/checkbox/index.ts	reviewed	batch 352 last-line length matched; model not tool-verified grok
src/components/database/components/cell/checklist/AddNewTask.tsx	reviewed	batch 352 last-line length matched; model not tool-verified grok
src/components/database/components/cell/checklist/ChecklistCell.tsx	reviewed	batch 352 last-line length matched; model not tool-verified grok
src/components/database/components/cell/checklist/ChecklistCellMenu.tsx	reviewed	batch 352 last-line length matched; model not tool-verified grok
src/components/database/components/cell/checklist/TaskItem.tsx	reviewed	batch 352 last-line length matched; model not tool-verified grok
src/components/database/components/cell/checklist/TaskList.tsx	reviewed	batch 353 last-line length matched; model not tool-verified grok
src/components/database/components/cell/checklist/index.ts	reviewed	batch 353 last-line length matched; model not tool-verified grok
src/components/database/components/cell/checklist/useNavigationKey.ts	reviewed	batch 353 last-line length matched; model not tool-verified grok
src/components/database/components/cell/checklist/useTaskActions.ts	reviewed	batch 353 last-line length matched; model not tool-verified grok
src/components/database/components/cell/created-modified/RowCreateModifiedTime.tsx	reviewed	batch 353 last-line length matched; model not tool-verified grok
src/components/database/components/cell/created-modified/index.ts	reviewed	batch 353 last-line length matched; model not tool-verified grok
src/components/database/components/cell/date/DateTimeCell.tsx	reviewed	batch 353 last-line length matched; model not tool-verified grok
src/components/database/components/cell/date/DateTimeCellPicker.tsx	reviewed	batch 353 last-line length matched; model not tool-verified grok
src/components/database/components/cell/date/DateTimeFormatMenu.tsx	reviewed	batch 353 last-line length matched; model not tool-verified grok
src/components/database/components/cell/date/DateTimeInput.tsx	reviewed	batch 353 last-line length matched; model not tool-verified grok
src/components/database/components/cell/date/index.ts	reviewed	batch 353 last-line length matched; model not tool-verified grok
src/components/database/components/cell/file-media/AddFileOrMedia.tsx	reviewed	batch 353 last-line length matched; model not tool-verified grok
src/components/database/components/cell/file-media/DeleteFileConfirm.tsx	reviewed	batch 353 last-line length matched; model not tool-verified grok
src/components/database/components/cell/file-media/FileIcon.tsx	reviewed	batch 353 last-line length matched; model not tool-verified grok
src/components/database/components/cell/file-media/FileMediaCell.tsx	reviewed	batch 353 last-line length matched; model not tool-verified grok
src/components/database/components/cell/file-media/FileMediaCellMenu.tsx	reviewed	batch 354 last-line length matched; model not tool-verified grok
src/components/database/components/cell/file-media/FileMediaItem.tsx	reviewed	batch 354 last-line length matched; model not tool-verified grok
src/components/database/components/cell/file-media/FileMediaList.tsx	reviewed	batch 354 last-line length matched; model not tool-verified grok
src/components/database/components/cell/file-media/FileMediaMore.tsx	reviewed	batch 354 last-line length matched; model not tool-verified grok; main-session resolved file open and download URLs
src/components/database/components/cell/file-media/FileMediaUpload.tsx	reviewed	batch 354 last-line length matched; model not tool-verified grok
src/components/database/components/cell/file-media/PreviewImage.tsx	reviewed	batch 354 last-line length matched; model not tool-verified grok
src/components/database/components/cell/file-media/RenameFile.tsx	reviewed	batch 354 last-line length matched; model not tool-verified grok
src/components/database/components/cell/file-media/UnPreviewFile.tsx	reviewed	batch 354 last-line length matched; model not tool-verified grok
src/components/database/components/cell/file-media/index.ts	reviewed	batch 354 last-line length matched; model not tool-verified grok
src/components/database/components/cell/index.ts	reviewed	batch 354 last-line length matched; model not tool-verified grok
src/components/database/components/cell/number/NumberCell.tsx	reviewed	batch 354 last-line length matched; model not tool-verified grok
src/components/database/components/cell/number/NumberCellEditing.tsx	reviewed	batch 354 last-line length matched; model not tool-verified grok
src/components/database/components/cell/number/index.ts	reviewed	batch 354 last-line length matched; model not tool-verified grok
src/components/database/components/cell/person/PersonCell.tsx	reviewed	batch 354 last-line length matched; model not tool-verified grok
src/components/database/components/cell/person/PersonCellMenu.tsx	reviewed	batch 354 last-line length matched; model not tool-verified grok
src/components/database/components/cell/person/__tests__/PersonCell.test.tsx	test-fixture	test or fixture path
src/components/database/components/cell/person/__tests__/useMentionableUsers.test.ts	test-fixture	test or fixture path
src/components/database/components/cell/person/index.ts	reviewed	batch 355 last-line length matched; model not tool-verified grok
src/components/database/components/cell/person/useMentionableUsers.ts	reviewed	batch 355 last-line length matched; model not tool-verified grok
src/components/database/components/cell/primary/PrimaryCell.tsx	reviewed	batch 355 last-line length matched; model not tool-verified grok
src/components/database/components/cell/primary/__tests__/PrimaryCell.test.tsx	test-fixture	test or fixture path
src/components/database/components/cell/primary/index.ts	reviewed	batch 355 last-line length matched; model not tool-verified grok
src/components/database/components/cell/relation/NoDatabaseSelectedContent.tsx	reviewed	batch 355 last-line length matched; model not tool-verified grok
src/components/database/components/cell/relation/RelationCell.tsx	reviewed	batch 355 last-line length matched; model not tool-verified grok
src/components/database/components/cell/relation/RelationCellMenu.tsx	reviewed	batch 355 last-line length matched; model not tool-verified grok
src/components/database/components/cell/relation/RelationCellMenuContent.tsx	reviewed	batch 355 last-line length matched; model not tool-verified grok
src/components/database/components/cell/relation/RelationItems.tsx	reviewed	batch 355 last-line length matched; model not tool-verified grok
src/components/database/components/cell/relation/RelationPrimaryValue.test.tsx	reviewed	batch 355 last-line length matched; model not tool-verified grok
src/components/database/components/cell/relation/RelationPrimaryValue.tsx	reviewed	batch 355 last-line length matched; model not tool-verified grok
src/components/database/components/cell/relation/RelationRowItem.tsx	reviewed	batch 355 last-line length matched; model not tool-verified grok
src/components/database/components/cell/relation/__tests__/RelationCellMenuContent.loading.test.tsx	test-fixture	test or fixture path
src/components/database/components/cell/relation/__tests__/RelationItems.loading.test.tsx	test-fixture	test or fixture path
src/components/database/components/cell/relation/__tests__/relationRowOrders.test.ts	test-fixture	test or fixture path
src/components/database/components/cell/relation/index.ts	reviewed	batch 355 last-line length matched; model not tool-verified grok
src/components/database/components/cell/relation/relationRowOrders.ts	reviewed	batch 355 last-line length matched; model not tool-verified grok
src/components/database/components/cell/relation/useNavigationKey.ts	reviewed	batch 355 last-line length matched; model not tool-verified grok
src/components/database/components/cell/rollup/RollupCell.tsx	reviewed	batch 356 last-line length matched; model not tool-verified grok
src/components/database/components/cell/rollup/index.ts	reviewed	batch 356 last-line length matched; model not tool-verified grok
src/components/database/components/cell/select-option/SelectOptionCell.tsx	reviewed	batch 356 last-line length matched; model not tool-verified grok
src/components/database/components/cell/select-option/SelectOptionCellMenu.tsx	reviewed	batch 356 last-line length matched; model not tool-verified grok
src/components/database/components/cell/select-option/TagsInput.tsx	reviewed	batch 356 last-line length matched; model not tool-verified grok
src/components/database/components/cell/select-option/index.ts	reviewed	batch 356 last-line length matched; model not tool-verified grok
src/components/database/components/cell/text/TextCell.tsx	reviewed	batch 356 last-line length matched; model not tool-verified grok
src/components/database/components/cell/text/TextCellEditing.tsx	reviewed	batch 356 last-line length matched; model not tool-verified grok
src/components/database/components/cell/text/UrlActions.tsx	reviewed	batch 356 last-line length matched; model not tool-verified grok
src/components/database/components/cell/text/index.ts	reviewed	batch 356 last-line length matched; model not tool-verified grok
src/components/database/components/cell/useMeasure.ts	reviewed	batch 356 last-line length matched; model not tool-verified grok
src/components/database/components/conditions/DatabaseActions.tsx	reviewed	batch 356 last-line length matched; model not tool-verified grok
src/components/database/components/conditions/DatabaseConditions.tsx	reviewed	batch 356 last-line length matched; model not tool-verified grok
src/components/database/components/conditions/DatabaseSearchContext.tsx	reviewed	batch 356 last-line length matched; model not tool-verified grok
src/components/database/components/conditions/FiltersButton.tsx	reviewed	batch 356 last-line length matched; model not tool-verified grok
src/components/database/components/conditions/PropertiesMenu.tsx	reviewed	batch 357 last-line length matched; model not tool-verified grok
src/components/database/components/conditions/SortsButton.tsx	reviewed	batch 357 last-line length matched; model not tool-verified grok
src/components/database/components/conditions/__tests__/DatabaseActionButtons.test.tsx	test-fixture	test or fixture path
src/components/database/components/conditions/__tests__/DatabaseActions.test.tsx	test-fixture	test or fixture path
src/components/database/components/conditions/__tests__/DatabaseSearchContext.test.tsx	test-fixture	test or fixture path
src/components/database/components/conditions/context.ts	reviewed	batch 357 last-line length matched; model not tool-verified grok
src/components/database/components/conditions/index.ts	reviewed	batch 357 last-line length matched; model not tool-verified grok
src/components/database/components/conditions/useNavigationKey.ts	reviewed	batch 357 last-line length matched; model not tool-verified grok
src/components/database/components/database-row/DatabaseRowProperties.tsx	reviewed	batch 357 last-line length matched; model not tool-verified grok
src/components/database/components/database-row/DatabaseRowSubDocument.tsx	reviewed	batch 357 last-line length matched; model not tool-verified grok
src/components/database/components/database-row/DeleteRowConfirm.tsx	reviewed	batch 357 last-line length matched; model not tool-verified grok
src/components/database/components/database-row/OpenAction.tsx	reviewed	batch 357 last-line length matched; model not tool-verified grok
src/components/database/components/database-row/RowNewProperty.tsx	reviewed	batch 357 last-line length matched; model not tool-verified grok
src/components/database/components/database-row/RowProperty.tsx	reviewed	batch 357 last-line length matched; model not tool-verified grok
src/components/database/components/database-row/RowPropertyCell.tsx	reviewed	batch 357 last-line length matched; model not tool-verified grok
src/components/database/components/database-row/RowPropertyPrimitive.tsx	reviewed	batch 357 last-line length matched; model not tool-verified grok
src/components/database/components/database-row/RowSubDocument.tsx	reviewed	batch 357 last-line length matched; model not tool-verified grok
src/components/database/components/database-row/RowSwitchFieldsHidden.tsx	reviewed	batch 357 last-line length matched; model not tool-verified grok
src/components/database/components/database-row/__tests__/DatabaseRowSubDocument.test.tsx	test-fixture	test or fixture path
src/components/database/components/database-row/__tests__/FileMediaCell.test.tsx	test-fixture	test or fixture path
src/components/database/components/database-row/checklist/ChecklistCell.tsx	reviewed	batch 358 last-line length matched; model not tool-verified grok
src/components/database/components/database-row/checklist/NewTask.tsx	reviewed	batch 358 last-line length matched; model not tool-verified grok
src/components/database/components/database-row/comment/AddCommentInput.tsx	reviewed	batch 358 last-line length matched; model not tool-verified grok
src/components/database/components/database-row/comment/DeleteCommentConfirm.tsx	reviewed	batch 358 last-line length matched; model not tool-verified grok
src/components/database/components/database-row/comment/MemberAvatar.tsx	reviewed	batch 358 last-line length matched; model not tool-verified grok
src/components/database/components/database-row/comment/RowCommentContext.tsx	reviewed	batch 358 last-line length matched; model not tool-verified grok
src/components/database/components/database-row/comment/RowCommentItem.tsx	reviewed	batch 358 last-line length matched; model not tool-verified grok
src/components/database/components/database-row/comment/RowCommentList.tsx	reviewed	batch 358 last-line length matched; model not tool-verified grok
src/components/database/components/database-row/comment/RowCommentReactions.tsx	reviewed	batch 358 last-line length matched; model not tool-verified grok
src/components/database/components/database-row/comment/__tests__/RowCommentItem.test.tsx	test-fixture	test or fixture path
src/components/database/components/database-row/comment/index.ts	reviewed	batch 358 last-line length matched; model not tool-verified grok
src/components/database/components/database-row/file-media/FileMediaCell.tsx	reviewed	batch 358 last-line length matched; model not tool-verified grok
src/components/database/components/database-row/file-media/FileMediaGrid.tsx	reviewed	batch 358 last-line length matched; model not tool-verified grok
src/components/database/components/database-row/file-media/FileMediaItem.tsx	reviewed	batch 358 last-line length matched; model not tool-verified grok
src/components/database/components/database-row/index.ts	reviewed	batch 358 last-line length matched; model not tool-verified grok
src/components/database/components/drag-and-drop/DragItem.tsx	reviewed	batch 358 last-line length matched; model not tool-verified grok
src/components/database/components/drag-and-drop/DropColumnIndicator.tsx	reviewed	batch 359 last-line length matched; model not tool-verified grok
src/components/database/components/drag-and-drop/DropRowIndicator.tsx	reviewed	batch 359 last-line length matched; model not tool-verified grok
src/components/database/components/drag-and-drop/DropRowLine.tsx	reviewed	batch 359 last-line length matched; model not tool-verified grok
src/components/database/components/drag-and-drop/useDragContext.ts	reviewed	batch 359 last-line length matched; model not tool-verified grok
src/components/database/components/field/CardField.tsx	reviewed	batch 359 last-line length matched; model not tool-verified grok
src/components/database/components/field/FieldCustomIcon.tsx	reviewed	batch 359 last-line length matched; model not tool-verified grok
src/components/database/components/field/FieldDisplay.tsx	reviewed	batch 359 last-line length matched; model not tool-verified grok
src/components/database/components/field/FieldLabel.tsx	reviewed	batch 359 last-line length matched; model not tool-verified grok
src/components/database/components/field/FieldTypeIcon.tsx	reviewed	batch 359 last-line length matched; model not tool-verified grok
src/components/database/components/field/index.ts	reviewed	batch 359 last-line length matched; model not tool-verified grok
src/components/database/components/filters/Filter.tsx	reviewed	batch 359 last-line length matched; model not tool-verified grok
src/components/database/components/filters/Filters.tsx	reviewed	batch 359 last-line length matched; model not tool-verified grok
src/components/database/components/filters/advanced/AdvancedDateFilterValueInput.tsx	reviewed	batch 359 last-line length matched; model not tool-verified grok
src/components/database/components/filters/advanced/AdvancedFilterPanel.tsx	reviewed	batch 359 last-line length matched; model not tool-verified grok
src/components/database/components/filters/advanced/AdvancedFiltersBadge.tsx	reviewed	batch 359 last-line length matched; model not tool-verified grok
src/components/database/components/filters/advanced/FilterPanelRow.tsx	reviewed	batch 360 last-line length matched; model not tool-verified grok
src/components/database/components/filters/advanced/index.ts	reviewed	batch 360 last-line length matched; model not tool-verified grok
src/components/database/components/filters/filter-field-types.ts	reviewed	batch 360 last-line length matched; model not tool-verified grok
src/components/database/components/filters/filter-menu/CheckboxFilterMenu.tsx	reviewed	batch 360 last-line length matched; model not tool-verified grok
src/components/database/components/filters/filter-menu/ChecklistFilterMenu.tsx	reviewed	batch 360 last-line length matched; model not tool-verified grok
src/components/database/components/filters/filter-menu/ClearSelectionItem.tsx	reviewed	batch 360 last-line length matched; model not tool-verified grok
src/components/database/components/filters/filter-menu/DateTimeFilterDatePicker.tsx	reviewed	batch 360 last-line length matched; model not tool-verified grok
src/components/database/components/filters/filter-menu/DateTimeFilterMenu.tsx	reviewed	batch 360 last-line length matched; model not tool-verified grok
src/components/database/components/filters/filter-menu/DateTimeFilterStartEndDateSelect.tsx	reviewed	batch 360 last-line length matched; model not tool-verified grok
src/components/database/components/filters/filter-menu/FieldMenuTitle.tsx	reviewed	batch 360 last-line length matched; model not tool-verified grok
src/components/database/components/filters/filter-menu/FilterConditionsSelect.tsx	reviewed	batch 360 last-line length matched; model not tool-verified grok
src/components/database/components/filters/filter-menu/FilterMenu.tsx	reviewed	batch 360 last-line length matched; model not tool-verified grok
src/components/database/components/filters/filter-menu/MultiSelectOptionFilterMenu.tsx	reviewed	batch 360 last-line length matched; model not tool-verified grok
src/components/database/components/filters/filter-menu/NumberFilterMenu.tsx	reviewed	batch 360 last-line length matched; model not tool-verified grok
src/components/database/components/filters/filter-menu/PersonFilterMenu.tsx	reviewed	batch 360 last-line length matched; model not tool-verified grok
src/components/database/components/filters/filter-menu/RelationFilterConditionsSelect.tsx	reviewed	batch 361 last-line length matched; model not tool-verified grok
src/components/database/components/filters/filter-menu/RelationFilterMenu.tsx	reviewed	batch 361 last-line length matched; model not tool-verified grok
src/components/database/components/filters/filter-menu/RollupFilterMenu.tsx	reviewed	batch 361 last-line length matched; model not tool-verified grok
src/components/database/components/filters/filter-menu/SelectOptionList.tsx	reviewed	batch 361 last-line length matched; model not tool-verified grok
src/components/database/components/filters/filter-menu/SingleSelectOptionFilterConditionsSelect.tsx	reviewed	batch 361 last-line length matched; model not tool-verified grok
src/components/database/components/filters/filter-menu/SingleSelectOptionFilterMenu.tsx	reviewed	batch 361 last-line length matched; model not tool-verified grok
src/components/database/components/filters/filter-menu/TextFilterConditionsSelect.tsx	reviewed	batch 361 last-line length matched; model not tool-verified grok
src/components/database/components/filters/filter-menu/TextFilterMenu.tsx	reviewed	batch 361 last-line length matched; model not tool-verified grok
src/components/database/components/filters/filter-menu/index.ts	reviewed	batch 361 last-line length matched; model not tool-verified grok
src/components/database/components/filters/hooks/__tests__/useDebouncedFilterInput.test.ts	test-fixture	test or fixture path
src/components/database/components/filters/hooks/useDebouncedFilterInput.ts	reviewed	batch 361 last-line length matched; model not tool-verified grok
src/components/database/components/filters/index.ts	reviewed	batch 361 last-line length matched; model not tool-verified grok
src/components/database/components/filters/overview/index.ts	reviewed	batch 361 last-line length matched; model not tool-verified grok
src/components/database/components/filters/overview/useFilterChipLabel.ts	reviewed	batch 361 last-line length matched; model not tool-verified grok
src/components/database/components/filters/package.json	reviewed	batch 361 last-line length matched; model not tool-verified grok
src/components/database/components/grid/controls/HoverControls.hooks.ts	reviewed	batch 361 last-line length matched; model not tool-verified grok
src/components/database/components/grid/controls/HoverControls.tsx	reviewed	batch 362 last-line length matched; model not tool-verified grok
src/components/database/components/grid/controls/HoverControlsContext.ts	reviewed	batch 362 last-line length matched; model not tool-verified grok
src/components/database/components/grid/controls/RowMenu.tsx	reviewed	batch 362 last-line length matched; model not tool-verified grok
src/components/database/components/grid/controls/__tests__/HoverControls.hooks.test.tsx	test-fixture	test or fixture path
src/components/database/components/grid/controls/__tests__/HoverControls.test.tsx	test-fixture	test or fixture path
src/components/database/components/grid/controls/index.ts	reviewed	batch 362 last-line length matched; model not tool-verified grok
src/components/database/components/grid/drag-and-drop/GridDragColumn.tsx	reviewed	batch 362 last-line length matched; model not tool-verified grok
src/components/database/components/grid/drag-and-drop/GridDragContext.tsx	reviewed	batch 362 last-line length matched; model not tool-verified grok
src/components/database/components/grid/grid-calculation-cell/CalcationMenu.tsx	reviewed	batch 362 last-line length matched; model not tool-verified grok
src/components/database/components/grid/grid-calculation-cell/CalculationCell.tsx	reviewed	batch 362 last-line length matched; model not tool-verified grok
src/components/database/components/grid/grid-calculation-cell/index.ts	reviewed	batch 362 last-line length matched; model not tool-verified grok
src/components/database/components/grid/grid-cell/GridCalculateRowCell.tsx	reviewed	batch 362 last-line length matched; model not tool-verified grok
src/components/database/components/grid/grid-cell/GridCell.tsx	reviewed	batch 362 last-line length matched; model not tool-verified grok
src/components/database/components/grid/grid-cell/GridRowCell.tsx	reviewed	batch 362 last-line length matched; model not tool-verified grok
src/components/database/components/grid/grid-cell/index.ts	reviewed	batch 362 last-line length matched; model not tool-verified grok
src/components/database/components/grid/grid-column/GridFieldMenu.tsx	reviewed	batch 362 last-line length matched; model not tool-verified grok
src/components/database/components/grid/grid-column/GridHeaderColumn.tsx	reviewed	batch 362 last-line length matched; model not tool-verified grok
src/components/database/components/grid/grid-column/GridNewProperty.tsx	reviewed	batch 363 last-line length matched; model not tool-verified grok
src/components/database/components/grid/grid-column/GridVirtualColumn.tsx	reviewed	batch 363 last-line length matched; model not tool-verified grok
src/components/database/components/grid/grid-column/ResizeHandle.tsx	reviewed	batch 363 last-line length matched; model not tool-verified grok
src/components/database/components/grid/grid-column/__tests__/GridVirtualColumn.groupedIdentity.test.tsx	test-fixture	test or fixture path
src/components/database/components/grid/grid-column/index.ts	reviewed	batch 363 last-line length matched; model not tool-verified grok
src/components/database/components/grid/grid-column/useColumnResize.ts	reviewed	batch 363 last-line length matched; model not tool-verified grok
src/components/database/components/grid/grid-column/useRenderFields.tsx	reviewed	batch 363 last-line length matched; model not tool-verified grok
src/components/database/components/grid/grid-group/GridGroupHeader.tsx	reviewed	batch 363 last-line length matched; model not tool-verified grok
src/components/database/components/grid/grid-group/__tests__/GridGroupHeader.test.tsx	test-fixture	test or fixture path
src/components/database/components/grid/grid-row/GridLoadMoreRow.tsx	reviewed	batch 363 last-line length matched; model not tool-verified grok
src/components/database/components/grid/grid-row/GridNewRow.tsx	reviewed	batch 363 last-line length matched; model not tool-verified grok
src/components/database/components/grid/grid-row/GridRowContext.ts	reviewed	batch 363 last-line length matched; model not tool-verified grok
src/components/database/components/grid/grid-row/GridVirtualRow.tsx	reviewed	batch 363 last-line length matched; model not tool-verified grok
src/components/database/components/grid/grid-row/__tests__/useGridRowDraggable.test.tsx	test-fixture	test or fixture path
src/components/database/components/grid/grid-row/__tests__/useRenderRows.test.tsx	test-fixture	test or fixture path
src/components/database/components/grid/grid-row/index.ts	reviewed	batch 363 last-line length matched; model not tool-verified grok
src/components/database/components/grid/grid-row/useGridRowDraggable.ts	reviewed	batch 363 last-line length matched; model not tool-verified grok
src/components/database/components/grid/grid-row/useRenderRows.tsx	reviewed	batch 363 last-line length matched; model not tool-verified grok
src/components/database/components/grid/grid-table/GridStickyHeader.tsx	reviewed	batch 363 last-line length matched; model not tool-verified grok
src/components/database/components/grid/grid-table/GridVirtualizer.tsx	reviewed	batch 364 last-line length matched; model not tool-verified grok
src/components/database/components/grid/grid-table/useGridDnd.ts	reviewed	batch 364 last-line length matched; model not tool-verified grok
src/components/database/components/grid/grid-table/useGridVirtualizer.ts	reviewed	batch 364 last-line length matched; model not tool-verified grok
src/components/database/components/header/DatabaseRowHeader.tsx	reviewed	batch 364 last-line length matched; model not tool-verified grok
src/components/database/components/header/Title.tsx	reviewed	batch 364 last-line length matched; model not tool-verified grok
src/components/database/components/header/__tests__/rowDocumentViewName.test.ts	test-fixture	test or fixture path
src/components/database/components/header/index.ts	reviewed	batch 364 last-line length matched; model not tool-verified grok
src/components/database/components/header/rowDocumentViewName.ts	reviewed	batch 364 last-line length matched; model not tool-verified grok
src/components/database/components/property/ClearCellsConfirm.tsx	reviewed	batch 364 last-line length matched; model not tool-verified grok
src/components/database/components/property/DeletePropertyConfirm.tsx	reviewed	batch 364 last-line length matched; model not tool-verified grok
src/components/database/components/property/Property.tsx	reviewed	batch 364 last-line length matched; model not tool-verified grok
src/components/database/components/property/PropertyMenu.tsx	reviewed	batch 364 last-line length matched; model not tool-verified grok
src/components/database/components/property/PropertyProfile.tsx	reviewed	batch 364 last-line length matched; model not tool-verified grok
src/components/database/components/property/PropertySelectTrigger.tsx	reviewed	batch 364 last-line length matched; model not tool-verified grok
src/components/database/components/property/PropertyWrapper.tsx	reviewed	batch 364 last-line length matched; model not tool-verified grok
src/components/database/components/property/cheklist/ChecklistProperty.tsx	reviewed	batch 364 last-line length matched; model not tool-verified grok
src/components/database/components/property/cheklist/index.ts	reviewed	batch 365 last-line length matched; model not tool-verified grok
src/components/database/components/property/date/DataTimePropertyMenuContent.tsx	reviewed	batch 365 last-line length matched; model not tool-verified grok
src/components/database/components/property/date/DateTimeFormatGroup.tsx	reviewed	batch 365 last-line length matched; model not tool-verified grok
src/components/database/components/property/index.ts	reviewed	batch 365 last-line length matched; model not tool-verified grok
src/components/database/components/property/media/FileMediaPropertyMenuContent.tsx	reviewed	batch 365 last-line length matched; model not tool-verified grok
src/components/database/components/property/number/NumberPropertyMenuContent.tsx	reviewed	batch 365 last-line length matched; model not tool-verified grok
src/components/database/components/property/relation/RelationCreationDialog.test.tsx	reviewed	batch 365 last-line length matched; model not tool-verified grok
src/components/database/components/property/relation/RelationCreationDialog.tsx	reviewed	batch 365 last-line length matched; model not tool-verified grok
src/components/database/components/property/relation/RelationPropertyMenuContent.tsx	reviewed	batch 365 last-line length matched; model not tool-verified grok; main-session stopped the two-way switch from toggling twice
src/components/database/components/property/relation/RelationView.tsx	reviewed	batch 365 last-line length matched; model not tool-verified grok
src/components/database/components/property/relation/relationDatabaseCandidates.test.ts	reviewed	batch 365 last-line length matched; model not tool-verified grok
src/components/database/components/property/relation/relationDatabaseCandidates.ts	reviewed	batch 365 last-line length matched; model not tool-verified grok
src/components/database/components/property/relation/useRelationData.test.tsx	reviewed	batch 365 last-line length matched; model not tool-verified grok
src/components/database/components/property/relation/useRelationData.ts	reviewed	batch 365 last-line length matched; model not tool-verified grok
src/components/database/components/property/rollup/RollupPropertyMenuContent.tsx	reviewed	batch 365 last-line length matched; model not tool-verified grok
src/components/database/components/property/rollup/useRollupData.ts	reviewed	batch 366 last-line length matched; model not tool-verified grok
src/components/database/components/property/rollup/utils.ts	reviewed	batch 366 last-line length matched; model not tool-verified grok
src/components/database/components/property/select/AddAnOption.tsx	reviewed	batch 366 last-line length matched; model not tool-verified grok
src/components/database/components/property/select/Option.tsx	reviewed	batch 366 last-line length matched; model not tool-verified grok
src/components/database/components/property/select/OptionMenu.tsx	reviewed	batch 366 last-line length matched; model not tool-verified grok
src/components/database/components/property/select/Options.tsx	reviewed	batch 366 last-line length matched; model not tool-verified grok
src/components/database/components/property/select/SelectPropertyMenuContent.tsx	reviewed	batch 366 last-line length matched; model not tool-verified grok
src/components/database/components/property/select/useOptionDragContext.ts	reviewed	batch 366 last-line length matched; model not tool-verified grok
src/components/database/components/property/text/TextProperty.tsx	reviewed	batch 366 last-line length matched; model not tool-verified grok
src/components/database/components/property/text/index.ts	reviewed	batch 366 last-line length matched; model not tool-verified grok
src/components/database/components/property/translate/TranslatePropertyMenuContext.tsx	reviewed	batch 366 last-line length matched; model not tool-verified grok
src/components/database/components/settings/BoardSettingGroup.tsx	reviewed	batch 366 last-line length matched; model not tool-verified grok
src/components/database/components/settings/BoardSettings.tsx	reviewed	batch 366 last-line length matched; model not tool-verified grok
src/components/database/components/settings/CalendarLayoutSettings.tsx	reviewed	batch 366 last-line length matched; model not tool-verified grok
src/components/database/components/settings/CalendarSettings.tsx	reviewed	batch 366 last-line length matched; model not tool-verified grok
src/components/database/components/settings/ChartLayoutSettings.tsx	reviewed	batch 367 last-line length matched; model not tool-verified grok
src/components/database/components/settings/ChartSettings.tsx	reviewed	batch 367 last-line length matched; model not tool-verified grok
src/components/database/components/settings/GalleryLayoutSettings.tsx	reviewed	batch 367 last-line length matched; model not tool-verified grok
src/components/database/components/settings/GallerySettings.tsx	reviewed	batch 367 last-line length matched; model not tool-verified grok
src/components/database/components/settings/GridSettingGroup.tsx	reviewed	batch 367 last-line length matched; model not tool-verified grok
src/components/database/components/settings/GridSettings.tsx	reviewed	batch 367 last-line length matched; model not tool-verified grok
src/components/database/components/settings/Layout.tsx	reviewed	batch 367 last-line length matched; model not tool-verified grok
src/components/database/components/settings/ListSettingGroup.tsx	reviewed	batch 367 last-line length matched; model not tool-verified grok
src/components/database/components/settings/ListSettings.tsx	reviewed	batch 367 last-line length matched; model not tool-verified grok
src/components/database/components/settings/Properties.tsx	reviewed	batch 367 last-line length matched; model not tool-verified grok
src/components/database/components/settings/Property.tsx	reviewed	batch 367 last-line length matched; model not tool-verified grok
src/components/database/components/settings/Settings.tsx	reviewed	batch 367 last-line length matched; model not tool-verified grok
src/components/database/components/settings/__tests__/GalleryLayoutSettings.test.tsx	test-fixture	test or fixture path
src/components/database/components/settings/__tests__/GallerySettings.test.tsx	test-fixture	test or fixture path
src/components/database/components/settings/__tests__/GridSettingGroup.test.tsx	test-fixture	test or fixture path
src/components/database/components/settings/__tests__/ListSettingGroup.test.tsx	test-fixture	test or fixture path
src/components/database/components/settings/__tests__/ListSettings.test.tsx	test-fixture	test or fixture path
src/components/database/components/settings/__tests__/Settings.test.tsx	test-fixture	test or fixture path
src/components/database/components/settings/usePropertyDragContext.ts	reviewed	batch 367 last-line length matched; model not tool-verified grok
src/components/database/components/sorts/ClearSortingConfirm.tsx	reviewed	batch 367 last-line length matched; model not tool-verified grok
src/components/database/components/sorts/ConditionMenu.tsx	reviewed	batch 367 last-line length matched; model not tool-verified grok
src/components/database/components/sorts/Sort.tsx	reviewed	batch 368 last-line length matched; model not tool-verified grok
src/components/database/components/sorts/SortCondition.tsx	reviewed	batch 368 last-line length matched; model not tool-verified grok
src/components/database/components/sorts/SortList.tsx	reviewed	batch 368 last-line length matched; model not tool-verified grok
src/components/database/components/sorts/Sorts.tsx	reviewed	batch 368 last-line length matched; model not tool-verified grok
src/components/database/components/sorts/index.ts	reviewed	batch 368 last-line length matched; model not tool-verified grok
src/components/database/components/sorts/utils.ts	reviewed	batch 368 last-line length matched; model not tool-verified grok
src/components/database/components/sticky-overlay/DatabaseStickyBottomOverlay.tsx	reviewed	batch 368 last-line length matched; model not tool-verified grok
src/components/database/components/sticky-overlay/DatabaseStickyHorizontalScrollbar.tsx	reviewed	batch 368 last-line length matched; model not tool-verified grok
src/components/database/components/sticky-overlay/DatabaseStickyTopOverlay.tsx	reviewed	batch 368 last-line length matched; model not tool-verified grok
src/components/database/components/tabs/AddViewButton.tsx	reviewed	batch 368 last-line length matched; model not tool-verified grok
src/components/database/components/tabs/DatabaseTabItem.tsx	reviewed	batch 368 last-line length matched; model not tool-verified grok
src/components/database/components/tabs/DatabaseTabs.tsx	reviewed	batch 368 last-line length matched; model not tool-verified grok
src/components/database/components/tabs/DatabaseViewTabs.tsx	reviewed	batch 368 last-line length matched; model not tool-verified grok
src/components/database/components/tabs/DeleteViewConfirm.tsx	reviewed	batch 368 last-line length matched; model not tool-verified grok
src/components/database/components/tabs/TextButton.tsx	reviewed	batch 368 last-line length matched; model not tool-verified grok
src/components/database/components/tabs/ViewActions.tsx	reviewed	batch 369 last-line length matched; model not tool-verified grok
src/components/database/components/tabs/__tests__/AddViewButton.test.tsx	test-fixture	test or fixture path
src/components/database/components/tabs/__tests__/DatabaseTabItem.test.tsx	test-fixture	test or fixture path
src/components/database/components/tabs/__tests__/DatabaseTabs.containerRename.test.tsx	test-fixture	test or fixture path
src/components/database/components/tabs/__tests__/DatabaseTabs.test.tsx	test-fixture	test or fixture path
src/components/database/components/tabs/index.ts	reviewed	batch 369 last-line length matched; model not tool-verified grok
src/components/database/components/tabs/useTabScroller.ts	reviewed	batch 369 last-line length matched; model not tool-verified grok
src/components/database/components/template/DatabaseTemplateButton.tsx	reviewed	batch 369 last-line length matched; model not tool-verified grok
src/components/database/components/template/__tests__/DatabaseTemplateButton.test.tsx	test-fixture	test or fixture path
src/components/database/components/template/index.ts	reviewed	batch 369 last-line length matched; model not tool-verified grok
src/components/database/database-test-context.ts	reviewed	batch 369 last-line length matched; model not tool-verified grok
src/components/database/fullcalendar/AddButton.tsx	reviewed	batch 369 last-line length matched; model not tool-verified grok
src/components/database/fullcalendar/CalendarContent.tsx	reviewed	batch 369 last-line length matched; model not tool-verified grok
src/components/database/fullcalendar/CalendarUnsupportedPage.tsx	reviewed	batch 369 last-line length matched; model not tool-verified grok
src/components/database/fullcalendar/CustomToolbar.tsx	reviewed	batch 369 last-line length matched; model not tool-verified grok
src/components/database/fullcalendar/FullCalendar.hooks.ts	reviewed	batch 369 last-line length matched; model not tool-verified grok
src/components/database/fullcalendar/FullCalendar.styles.scss	reviewed	batch 369 last-line length matched; model not tool-verified grok
src/components/database/fullcalendar/FullCalendar.tsx	reviewed	batch 369 last-line length matched; model not tool-verified grok
src/components/database/fullcalendar/NoDateButton.tsx	reviewed	batch 369 last-line length matched; model not tool-verified grok
src/components/database/fullcalendar/NoDateRow.tsx	reviewed	batch 369 last-line length matched; model not tool-verified grok
src/components/database/fullcalendar/StickyCalendarToolbar.tsx	reviewed	batch 370 last-line length matched; model not tool-verified grok
src/components/database/fullcalendar/StickyWeekHeader.tsx	reviewed	batch 370 last-line length matched; model not tool-verified grok
src/components/database/fullcalendar/event/EventDisplay.tsx	reviewed	batch 370 last-line length matched; model not tool-verified grok
src/components/database/fullcalendar/event/EventPopoverContent.tsx	reviewed	batch 370 last-line length matched; model not tool-verified grok
src/components/database/fullcalendar/event/EventTitle.tsx	reviewed	batch 370 last-line length matched; model not tool-verified grok
src/components/database/fullcalendar/event/EventWithPopover.tsx	reviewed	batch 370 last-line length matched; model not tool-verified grok
src/components/database/fullcalendar/event/MoreLinkContent.tsx	reviewed	batch 370 last-line length matched; model not tool-verified grok
src/components/database/fullcalendar/event/MoreLinkPopoverContent.tsx	reviewed	batch 370 last-line length matched; model not tool-verified grok
src/components/database/fullcalendar/event/__tests__/EventWithPopover.test.tsx	test-fixture	test or fixture path
src/components/database/fullcalendar/event/components/EventIconButton.tsx	reviewed	batch 370 last-line length matched; model not tool-verified grok
src/components/database/fullcalendar/event/components/MonthAllDayEvent.tsx	reviewed	batch 370 last-line length matched; model not tool-verified grok
src/components/database/fullcalendar/event/components/MonthMultiDayTimedEvent.tsx	reviewed	batch 370 last-line length matched; model not tool-verified grok
src/components/database/fullcalendar/event/components/MonthTimedEvent.tsx	reviewed	batch 370 last-line length matched; model not tool-verified grok
src/components/database/fullcalendar/event/components/WeekAllDayEvent.tsx	reviewed	batch 370 last-line length matched; model not tool-verified grok
src/components/database/fullcalendar/event/components/WeekTimedEvent.tsx	reviewed	batch 370 last-line length matched; model not tool-verified grok
src/components/database/fullcalendar/event/components/index.ts	reviewed	batch 370 last-line length matched; model not tool-verified grok
src/components/database/fullcalendar/event/hooks/useEventIcon.tsx	reviewed	batch 371 last-line length matched; model not tool-verified grok
src/components/database/fullcalendar/event/index.ts	reviewed	batch 371 last-line length matched; model not tool-verified grok
src/components/database/fullcalendar/hooks/index.ts	reviewed	batch 371 last-line length matched; model not tool-verified grok
src/components/database/fullcalendar/hooks/useAddButton.ts	reviewed	batch 371 last-line length matched; model not tool-verified grok
src/components/database/fullcalendar/hooks/useCalendarEvents.ts	reviewed	batch 371 last-line length matched; model not tool-verified grok
src/components/database/fullcalendar/hooks/useCalendarHandlers.ts	reviewed	batch 371 last-line length matched; model not tool-verified grok
src/components/database/fullcalendar/hooks/useCalendarKeyboardShortcuts.ts	reviewed	batch 371 last-line length matched; model not tool-verified grok
src/components/database/fullcalendar/hooks/useCalendarPermissions.ts	reviewed	batch 371 last-line length matched; model not tool-verified grok
src/components/database/fullcalendar/hooks/useCalendarResize.ts	reviewed	batch 371 last-line length matched; model not tool-verified grok
src/components/database/fullcalendar/hooks/useCalendarStickyHeader.ts	reviewed	batch 371 last-line length matched; model not tool-verified grok
src/components/database/fullcalendar/hooks/useCalendarStickyWeekHeader.ts	reviewed	batch 371 last-line length matched; model not tool-verified grok
src/components/database/fullcalendar/hooks/useCurrentTimeIndicator.ts	reviewed	batch 371 last-line length matched; model not tool-verified grok
src/components/database/fullcalendar/hooks/useDynamicDayMaxEventRows.ts	reviewed	batch 371 last-line length matched; model not tool-verified grok
src/components/database/fullcalendar/hooks/useScrollDetection.ts	reviewed	batch 371 last-line length matched; model not tool-verified grok
src/components/database/fullcalendar/hooks/useScrollNavigation.ts	reviewed	batch 371 last-line length matched; model not tool-verified grok
src/components/database/fullcalendar/hooks/useTimeFormat.tsx	unreviewed	production-relevant until a pass-3 reviewer records it
src/components/database/fullcalendar/index.ts	unreviewed	production-relevant until a pass-3 reviewer records it
src/components/database/fullcalendar/types.ts	unreviewed	production-relevant until a pass-3 reviewer records it
src/components/database/fullcalendar/utils/dayCellContent.tsx	unreviewed	production-relevant until a pass-3 reviewer records it
src/components/database/gallery/Gallery.tsx	unreviewed	production-relevant until a pass-3 reviewer records it
src/components/database/gallery/GalleryCard.tsx	unreviewed	production-relevant until a pass-3 reviewer records it
src/components/database/gallery/GalleryCardToolbar.tsx	unreviewed	production-relevant until a pass-3 reviewer records it
src/components/database/gallery/GalleryNewRow.tsx	unreviewed	production-relevant until a pass-3 reviewer records it
src/components/database/gallery/GalleryPreview.tsx	unreviewed	production-relevant until a pass-3 reviewer records it
src/components/database/gallery/GalleryRowIcon.tsx	unreviewed	production-relevant until a pass-3 reviewer records it
src/components/database/gallery/GallerySortState.tsx	unreviewed	production-relevant until a pass-3 reviewer records it
src/components/database/gallery/__tests__/Gallery.test.tsx	test-fixture	test or fixture path
src/components/database/gallery/__tests__/GalleryCard.test.tsx	test-fixture	test or fixture path
src/components/database/gallery/__tests__/GalleryCardToolbar.test.tsx	test-fixture	test or fixture path
src/components/database/gallery/__tests__/GalleryNewRow.test.tsx	test-fixture	test or fixture path
src/components/database/gallery/__tests__/GalleryPreview.render.test.tsx	test-fixture	test or fixture path
src/components/database/gallery/__tests__/GalleryPreview.test.ts	test-fixture	test or fixture path
src/components/database/gallery/__tests__/GalleryRowIcon.test.ts	test-fixture	test or fixture path
src/components/database/gallery/__tests__/gallery.utils.test.ts	test-fixture	test or fixture path
src/components/database/gallery/gallery.constants.ts	unreviewed	production-relevant until a pass-3 reviewer records it
src/components/database/gallery/gallery.utils.ts	unreviewed	production-relevant until a pass-3 reviewer records it
src/components/database/gallery/index.ts	unreviewed	production-relevant until a pass-3 reviewer records it
src/components/database/grid/Grid.tsx	unreviewed	production-relevant until a pass-3 reviewer records it
src/components/database/grid/GridGroupingContext.tsx	unreviewed	production-relevant until a pass-3 reviewer records it
src/components/database/grid/GridProvider.tsx	unreviewed	production-relevant until a pass-3 reviewer records it
src/components/database/grid/__tests__/GridProvider.interactions.test.tsx	test-fixture	test or fixture path
src/components/database/grid/index.ts	unreviewed	production-relevant until a pass-3 reviewer records it
src/components/database/grid/useGridContext.ts	unreviewed	production-relevant until a pass-3 reviewer records it
src/components/database/hooks/index.ts	unreviewed	production-relevant until a pass-3 reviewer records it
src/components/database/hooks/useBindViewSync.ts	unreviewed	production-relevant until a pass-3 reviewer records it
src/components/database/hooks/visibleViewIds/index.ts	unreviewed	production-relevant until a pass-3 reviewer records it
src/components/database/hooks/visibleViewIds/useContainerVisibleViewIds.ts	unreviewed	production-relevant until a pass-3 reviewer records it
src/components/database/hooks/visibleViewIds/useEmbeddedVisibleViewIds.ts	unreviewed	production-relevant until a pass-3 reviewer records it
src/components/database/index.ts	unreviewed	production-relevant until a pass-3 reviewer records it
src/components/database/layout.ts	unreviewed	production-relevant until a pass-3 reviewer records it
src/components/database/list/List.tsx	unreviewed	production-relevant until a pass-3 reviewer records it
src/components/database/list/ListCell.tsx	unreviewed	production-relevant until a pass-3 reviewer records it
src/components/database/list/ListControls.tsx	unreviewed	production-relevant until a pass-3 reviewer records it
src/components/database/list/ListGroup.tsx	unreviewed	production-relevant until a pass-3 reviewer records it
src/components/database/list/ListGroupingContext.tsx	unreviewed	production-relevant until a pass-3 reviewer records it
src/components/database/list/ListRow.tsx	unreviewed	production-relevant until a pass-3 reviewer records it
src/components/database/list/ListRowActions.tsx	unreviewed	production-relevant until a pass-3 reviewer records it
src/components/database/list/ListSortState.tsx	unreviewed	production-relevant until a pass-3 reviewer records it
src/components/database/list/__tests__/List.test.tsx	test-fixture	test or fixture path
src/components/database/list/__tests__/ListCell.test.tsx	test-fixture	test or fixture path
src/components/database/list/__tests__/ListControls.test.tsx	test-fixture	test or fixture path
src/components/database/list/__tests__/ListGroup.test.tsx	test-fixture	test or fixture path
src/components/database/list/__tests__/ListRow.test.tsx	test-fixture	test or fixture path
src/components/database/list/__tests__/ListRowActions.test.tsx	test-fixture	test or fixture path
src/components/database/list/__tests__/list.utils.test.ts	test-fixture	test or fixture path
src/components/database/list/index.ts	unreviewed	production-relevant until a pass-3 reviewer records it
src/components/database/list/list.constants.ts	unreviewed	production-relevant until a pass-3 reviewer records it
src/components/database/list/list.utils.ts	unreviewed	production-relevant until a pass-3 reviewer records it
src/components/database/utils/field-editing.ts	unreviewed	production-relevant until a pass-3 reviewer records it
src/components/document/Document.tsx	unreviewed	production-relevant until a pass-3 reviewer records it
src/components/document/history/DocumentHistoryModal.tsx	unreviewed	production-relevant until a pass-3 reviewer records it
src/components/document/history/DocumentHistoryVersionList.tsx	unreviewed	production-relevant until a pass-3 reviewer records it
src/components/document/history/__tests__/DocumentHistoryModal.test.tsx	test-fixture	test or fixture path
src/components/document/index.ts	unreviewed	production-relevant until a pass-3 reviewer records it
src/components/editor/CollaborativeEditor.tsx	unreviewed	production-relevant until a pass-3 reviewer records it
src/components/editor/Editable.tsx	unreviewed	production-relevant until a pass-3 reviewer records it
src/components/editor/Editor.tsx	unreviewed	production-relevant until a pass-3 reviewer records it
src/components/editor/EditorContext.tsx	reviewed	batch 375 last-line length matched; model not tool-verified grok
src/components/editor/EditorOverlay.tsx	reviewed	batch 375 last-line length matched; model not tool-verified grok
src/components/editor/StaticEditor.tsx	reviewed	batch 375 last-line length matched; model not tool-verified grok
src/components/editor/__tests__/EditorContext.test.tsx	test-fixture	test or fixture path
src/components/editor/__tests__/database-block-lifecycle.test.ts	test-fixture	test or fixture path
src/components/editor/clipboard/__tests__/appflowy-fragment.test.ts	test-fixture	test or fixture path
src/components/editor/clipboard/__tests__/inline-comment-metadata.test.ts	test-fixture	test or fixture path
src/components/editor/clipboard/__tests__/table-fragment.test.ts	test-fixture	test or fixture path
src/components/editor/clipboard/appflowy-fragment.ts	reviewed	batch 375 last-line length matched; model not tool-verified grok
src/components/editor/clipboard/inline-comment-metadata.ts	reviewed	batch 375 last-line length matched; model not tool-verified grok
src/components/editor/clipboard/table-fragment.ts	reviewed	batch 375 last-line length matched; model not tool-verified grok
src/components/editor/components/block-popover/AudioBlockPopoverContent.tsx	reviewed	batch 375 last-line length matched; model not tool-verified grok
src/components/editor/components/block-popover/BlockPopoverContext.tsx	reviewed	batch 375 last-line length matched; model not tool-verified grok
src/components/editor/components/block-popover/FileBlockPopoverContent.tsx	reviewed	batch 375 last-line length matched; model not tool-verified grok
src/components/editor/components/block-popover/GalleryBlockPopoverContent.tsx	reviewed	batch 375 last-line length matched; model not tool-verified grok
src/components/editor/components/block-popover/GoogleDriveBlockPopoverContent.tsx	reviewed	batch 375 last-line length matched; model not tool-verified grok
src/components/editor/components/block-popover/ImageBlockPopoverContent.tsx	reviewed	batch 375 last-line length matched; model not tool-verified grok
src/components/editor/components/block-popover/LinkPreviewPopoverContent.tsx	reviewed	batch 375 last-line length matched; model not tool-verified grok
src/components/editor/components/block-popover/MathEquationPopoverContent.tsx	reviewed	batch 375 last-line length matched; model not tool-verified grok
src/components/editor/components/block-popover/PDFBlockPopoverContent.tsx	reviewed	batch 375 last-line length matched; model not tool-verified grok
src/components/editor/components/block-popover/VideoBlockPopoverContent.tsx	reviewed	batch 376 last-line length matched; model not tool-verified grok
src/components/editor/components/block-popover/index.tsx	reviewed	batch 376 last-line length matched; model not tool-verified grok
src/components/editor/components/blocks/ai-meeting/AIMeetingBlock.stories.tsx	reviewed	batch 376 last-line length matched; model not tool-verified grok
src/components/editor/components/blocks/ai-meeting/AIMeetingBlock.tsx	reviewed	batch 376 last-line length matched; model not tool-verified grok
src/components/editor/components/blocks/ai-meeting/AIMeetingMoreMenu.tsx	reviewed	batch 376 last-line length matched; model not tool-verified grok
src/components/editor/components/blocks/ai-meeting/AIMeetingSection.tsx	reviewed	batch 376 last-line length matched; model not tool-verified grok
src/components/editor/components/blocks/ai-meeting/AIMeetingSpeakerBlock.tsx	reviewed	batch 376 last-line length matched; model not tool-verified grok; main-session rejected protocol-relative speaker avatars
src/components/editor/components/blocks/ai-meeting/RegenerateMenu.tsx	reviewed	batch 376 last-line length matched; model not tool-verified grok
src/components/editor/components/blocks/ai-meeting/__tests__/AIMeetingBlock.component.test.tsx	test-fixture	test or fixture path
src/components/editor/components/blocks/ai-meeting/__tests__/AIMeetingBlock.test.ts	test-fixture	test or fixture path
src/components/editor/components/blocks/ai-meeting/__tests__/AIMeetingSpeakerBlock.test.ts	test-fixture	test or fixture path
src/components/editor/components/blocks/ai-meeting/__tests__/ai-meeting.summary-regenerate.test.ts	test-fixture	test or fixture path
src/components/editor/components/blocks/ai-meeting/__tests__/ai-meeting.utils.test.ts	test-fixture	test or fixture path
src/components/editor/components/blocks/ai-meeting/ai-meeting.scss	reviewed	batch 376 last-line length matched; model not tool-verified grok
src/components/editor/components/blocks/ai-meeting/ai-meeting.summary-regenerate.ts	reviewed	batch 376 last-line length matched; model not tool-verified grok
src/components/editor/components/blocks/ai-meeting/ai-meeting.utils.ts	reviewed	batch 376 last-line length matched; model not tool-verified grok
src/components/editor/components/blocks/ai-meeting/index.ts	reviewed	batch 376 last-line length matched; model not tool-verified grok
src/components/editor/components/blocks/ai-meeting/useAIMeetingClipboard.ts	reviewed	batch 376 last-line length matched; model not tool-verified grok
src/components/editor/components/blocks/ai-meeting/useAIMeetingRegenerate.ts	reviewed	batch 376 last-line length matched; model not tool-verified grok
src/components/editor/components/blocks/audio/AudioBlock.tsx	reviewed	batch 376 last-line length matched; model not tool-verified grok
src/components/editor/components/blocks/audio/index.ts	reviewed	batch 377 last-line length matched; model not tool-verified grok
src/components/editor/components/blocks/bulleted-list/BulletedList.tsx	reviewed	batch 377 last-line length matched; model not tool-verified grok
src/components/editor/components/blocks/bulleted-list/BulletedListIcon.tsx	reviewed	batch 377 last-line length matched; model not tool-verified grok
src/components/editor/components/blocks/bulleted-list/index.ts	reviewed	batch 377 last-line length matched; model not tool-verified grok
src/components/editor/components/blocks/callout/Callout.tsx	reviewed	batch 377 last-line length matched; model not tool-verified grok
src/components/editor/components/blocks/callout/CalloutIcon.tsx	reviewed	batch 377 last-line length matched; model not tool-verified grok
src/components/editor/components/blocks/callout/index.ts	reviewed	batch 377 last-line length matched; model not tool-verified grok
src/components/editor/components/blocks/code/Code.hooks.ts	reviewed	batch 377 last-line length matched; model not tool-verified grok
src/components/editor/components/blocks/code/Code.tsx	reviewed	batch 377 last-line length matched; model not tool-verified grok
src/components/editor/components/blocks/code/CodeToolbar.tsx	reviewed	batch 377 last-line length matched; model not tool-verified grok
src/components/editor/components/blocks/code/MermaidChat.tsx	reviewed	batch 377 last-line length matched; model not tool-verified grok
src/components/editor/components/blocks/code/SelectLanguage.tsx	reviewed	batch 377 last-line length matched; model not tool-verified grok
src/components/editor/components/blocks/code/constants.ts	reviewed	batch 377 last-line length matched; model not tool-verified grok
src/components/editor/components/blocks/code/index.ts	reviewed	batch 377 last-line length matched; model not tool-verified grok
src/components/editor/components/blocks/code/useDecorate.ts	reviewed	batch 377 last-line length matched; model not tool-verified grok
src/components/editor/components/blocks/code/utils.ts	unreviewed	production-relevant until a pass-3 reviewer records it
src/components/editor/components/blocks/columns/Column.tsx	unreviewed	production-relevant until a pass-3 reviewer records it
src/components/editor/components/blocks/columns/Columns.tsx	unreviewed	production-relevant until a pass-3 reviewer records it
src/components/editor/components/blocks/columns/index.ts	unreviewed	production-relevant until a pass-3 reviewer records it
src/components/editor/components/blocks/database/DatabaseBlock.tsx	unreviewed	production-relevant until a pass-3 reviewer records it
src/components/editor/components/blocks/database/components/DatabaseContent.tsx	unreviewed	production-relevant until a pass-3 reviewer records it
src/components/editor/components/blocks/database/components/__tests__/DatabaseContent.test.tsx	test-fixture	test or fixture path
src/components/editor/components/blocks/database/hooks/__tests__/useDatabaseDeletionStatus.test.tsx	test-fixture	test or fixture path
src/components/editor/components/blocks/database/hooks/__tests__/useDocumentLoader.test.ts	test-fixture	test or fixture path
src/components/editor/components/blocks/database/hooks/__tests__/useResizePositioning.test.tsx	test-fixture	test or fixture path
src/components/editor/components/blocks/database/hooks/__tests__/useViewMeta.test.tsx	test-fixture	test or fixture path
src/components/editor/components/blocks/database/hooks/useDatabaseDeletionStatus.ts	unreviewed	production-relevant until a pass-3 reviewer records it
src/components/editor/components/blocks/database/hooks/useDocumentLoader.ts	unreviewed	production-relevant until a pass-3 reviewer records it
src/components/editor/components/blocks/database/hooks/useResizePositioning.ts	unreviewed	production-relevant until a pass-3 reviewer records it
src/components/editor/components/blocks/database/hooks/useViewMeta.ts	unreviewed	production-relevant until a pass-3 reviewer records it
src/components/editor/components/blocks/database/hooks/useViewSelection.ts	unreviewed	production-relevant until a pass-3 reviewer records it
src/components/editor/components/blocks/database/index.ts	unreviewed	production-relevant until a pass-3 reviewer records it
src/components/editor/components/blocks/database/utils/__tests__/databaseBlockUtils.test.ts	test-fixture	test or fixture path
src/components/editor/components/blocks/database/utils/__tests__/isViewGoneError.test.ts	test-fixture	test or fixture path
src/components/editor/components/blocks/database/utils/databaseBlockUtils.ts	unreviewed	production-relevant until a pass-3 reviewer records it
src/components/editor/components/blocks/divider/DividerNode.tsx	unreviewed	production-relevant until a pass-3 reviewer records it
src/components/editor/components/blocks/divider/index.ts	unreviewed	production-relevant until a pass-3 reviewer records it
src/components/editor/components/blocks/file/FileBlock.tsx	reviewed	batch 379 last-line length matched; model not tool-verified grok
src/components/editor/components/blocks/file/FileToolbar.tsx	reviewed	batch 379 last-line length matched; model not tool-verified grok
src/components/editor/components/blocks/file/index.ts	reviewed	batch 379 last-line length matched; model not tool-verified grok
src/components/editor/components/blocks/gallery/Carousel.tsx	reviewed	batch 379 last-line length matched; model not tool-verified grok
src/components/editor/components/blocks/gallery/GalleryBlock.tsx	reviewed	batch 379 last-line length matched; model not tool-verified grok
src/components/editor/components/blocks/gallery/GalleryToolbar.tsx	reviewed	batch 379 last-line length matched; model not tool-verified grok
src/components/editor/components/blocks/gallery/ImageGallery.tsx	reviewed	batch 379 last-line length matched; model not tool-verified grok
src/components/editor/components/blocks/gallery/carousel.scss	reviewed	batch 379 last-line length matched; model not tool-verified grok
src/components/editor/components/blocks/gallery/index.ts	reviewed	batch 379 last-line length matched; model not tool-verified grok
src/components/editor/components/blocks/google-drive/GoogleDriveBlock.tsx	reviewed	batch 379 last-line length matched; model not tool-verified grok
src/components/editor/components/blocks/google-drive/__tests__/google-drive-utils.test.ts	test-fixture	test or fixture path
src/components/editor/components/blocks/google-drive/google-drive-utils.ts	reviewed	batch 379 last-line length matched; model not tool-verified grok
src/components/editor/components/blocks/google-drive/index.ts	reviewed	batch 379 last-line length matched; model not tool-verified grok
src/components/editor/components/blocks/heading/Heading.tsx	reviewed	batch 379 last-line length matched; model not tool-verified grok
src/components/editor/components/blocks/heading/index.ts	reviewed	batch 379 last-line length matched; model not tool-verified grok
src/components/editor/components/blocks/image/ImageBlock.tsx	reviewed	batch 379 last-line length matched; model not tool-verified grok
src/components/editor/components/blocks/image/ImageEmpty.tsx	unreviewed	production-relevant until a pass-3 reviewer records it
src/components/editor/components/blocks/image/ImageRender.tsx	unreviewed	production-relevant until a pass-3 reviewer records it
src/components/editor/components/blocks/image/ImageResizer.tsx	unreviewed	production-relevant until a pass-3 reviewer records it
src/components/editor/components/blocks/image/ImageToolbar.tsx	unreviewed	production-relevant until a pass-3 reviewer records it
src/components/editor/components/blocks/image/Img.tsx	unreviewed	production-relevant until a pass-3 reviewer records it
src/components/editor/components/blocks/image/__tests__/ImageBlock.test.tsx	test-fixture	test or fixture path
src/components/editor/components/blocks/image/__tests__/ImageRender.test.tsx	test-fixture	test or fixture path
src/components/editor/components/blocks/image/index.ts	unreviewed	production-relevant until a pass-3 reviewer records it
src/components/editor/components/blocks/image/useImageWithRetry.ts	unreviewed	production-relevant until a pass-3 reviewer records it
src/components/editor/components/blocks/link-preview/LinkPreview.tsx	unreviewed	production-relevant until a pass-3 reviewer records it
src/components/editor/components/blocks/link-preview/index.ts	unreviewed	production-relevant until a pass-3 reviewer records it
src/components/editor/components/blocks/math-equation/MathEquation.tsx	unreviewed	production-relevant until a pass-3 reviewer records it
src/components/editor/components/blocks/math-equation/MathEquationToolbar.tsx	unreviewed	production-relevant until a pass-3 reviewer records it
src/components/editor/components/blocks/math-equation/index.ts	unreviewed	production-relevant until a pass-3 reviewer records it
src/components/editor/components/blocks/numbered-list/NumberListIcon.tsx	unreviewed	production-relevant until a pass-3 reviewer records it
src/components/editor/components/blocks/numbered-list/NumberedList.tsx	unreviewed	production-relevant until a pass-3 reviewer records it
src/components/editor/components/blocks/numbered-list/index.ts	unreviewed	production-relevant until a pass-3 reviewer records it
src/components/editor/components/blocks/outline/Outline.tsx	unreviewed	production-relevant until a pass-3 reviewer records it
src/components/editor/components/blocks/outline/index.ts	unreviewed	production-relevant until a pass-3 reviewer records it
src/components/editor/components/blocks/outline/utils.ts	unreviewed	production-relevant until a pass-3 reviewer records it
src/components/editor/components/blocks/page/Page.tsx	unreviewed	production-relevant until a pass-3 reviewer records it
src/components/editor/components/blocks/page/index.ts	unreviewed	production-relevant until a pass-3 reviewer records it
src/components/editor/components/blocks/paragraph/Paragraph.tsx	unreviewed	production-relevant until a pass-3 reviewer records it
src/components/editor/components/blocks/paragraph/index.ts	unreviewed	production-relevant until a pass-3 reviewer records it
src/components/editor/components/blocks/pdf/PDFBlock.stories.tsx	unreviewed	production-relevant until a pass-3 reviewer records it
src/components/editor/components/blocks/pdf/PDFBlock.tsx	unreviewed	production-relevant until a pass-3 reviewer records it
src/components/editor/components/blocks/pdf/index.ts	unreviewed	production-relevant until a pass-3 reviewer records it
src/components/editor/components/blocks/quote/Quote.tsx	unreviewed	production-relevant until a pass-3 reviewer records it
src/components/editor/components/blocks/quote/index.ts	unreviewed	production-relevant until a pass-3 reviewer records it
src/components/editor/components/blocks/simple-table/SimpleTable.hooks.ts	unreviewed	production-relevant until a pass-3 reviewer records it
src/components/editor/components/blocks/simple-table/SimpleTable.keyboard.ts	unreviewed	production-relevant until a pass-3 reviewer records it
src/components/editor/components/blocks/simple-table/SimpleTable.tsx	unreviewed	production-relevant until a pass-3 reviewer records it
src/components/editor/components/blocks/simple-table/SimpleTableActionButtons.tsx	unreviewed	production-relevant until a pass-3 reviewer records it
src/components/editor/components/blocks/simple-table/SimpleTableActionOverlay.tsx	unreviewed	production-relevant until a pass-3 reviewer records it
src/components/editor/components/blocks/simple-table/SimpleTableCell.tsx	unreviewed	production-relevant until a pass-3 reviewer records it
src/components/editor/components/blocks/simple-table/SimpleTableColumnResizer.tsx	unreviewed	production-relevant until a pass-3 reviewer records it
src/components/editor/components/blocks/simple-table/SimpleTableContext.tsx	unreviewed	production-relevant until a pass-3 reviewer records it
src/components/editor/components/blocks/simple-table/SimpleTableContextMenu.tsx	unreviewed	production-relevant until a pass-3 reviewer records it
src/components/editor/components/blocks/simple-table/SimpleTableRow.tsx	unreviewed	production-relevant until a pass-3 reviewer records it
src/components/editor/components/blocks/simple-table/const.ts	unreviewed	production-relevant until a pass-3 reviewer records it
src/components/editor/components/blocks/simple-table/index.ts	unreviewed	production-relevant until a pass-3 reviewer records it
src/components/editor/components/blocks/simple-table/simple-table.scss	unreviewed	production-relevant until a pass-3 reviewer records it
src/components/editor/components/blocks/simple-table/simple-table.utils.ts	unreviewed	production-relevant until a pass-3 reviewer records it
src/components/editor/components/blocks/sub-page/SubPage.tsx	unreviewed	production-relevant until a pass-3 reviewer records it
src/components/editor/components/blocks/sub-page/index.ts	unreviewed	production-relevant until a pass-3 reviewer records it
src/components/editor/components/blocks/table/Table.tsx	unreviewed	production-relevant until a pass-3 reviewer records it
src/components/editor/components/blocks/table/TableCell.tsx	unreviewed	production-relevant until a pass-3 reviewer records it
src/components/editor/components/blocks/table/index.ts	unreviewed	production-relevant until a pass-3 reviewer records it
src/components/editor/components/blocks/table/table.scss	unreviewed	production-relevant until a pass-3 reviewer records it
src/components/editor/components/blocks/text/Placeholder.tsx	unreviewed	production-relevant until a pass-3 reviewer records it
src/components/editor/components/blocks/text/StartIcon.hooks.tsx	unreviewed	production-relevant until a pass-3 reviewer records it
src/components/editor/components/blocks/text/Text.tsx	unreviewed	production-relevant until a pass-3 reviewer records it
src/components/editor/components/blocks/text/__tests__/Placeholder.test.tsx	test-fixture	test or fixture path
src/components/editor/components/blocks/text/index.ts	unreviewed	production-relevant until a pass-3 reviewer records it
src/components/editor/components/blocks/todo-list/CheckboxIcon.tsx	unreviewed	production-relevant until a pass-3 reviewer records it
src/components/editor/components/blocks/todo-list/TodoList.tsx	unreviewed	production-relevant until a pass-3 reviewer records it
src/components/editor/components/blocks/todo-list/index.ts	unreviewed	production-relevant until a pass-3 reviewer records it
src/components/editor/components/blocks/toggle-list/ToggleIcon.tsx	unreviewed	production-relevant until a pass-3 reviewer records it
src/components/editor/components/blocks/toggle-list/ToggleList.tsx	unreviewed	production-relevant until a pass-3 reviewer records it
src/components/editor/components/blocks/toggle-list/index.ts	unreviewed	production-relevant until a pass-3 reviewer records it
src/components/editor/components/blocks/video/VideoBlock.tsx	unreviewed	production-relevant until a pass-3 reviewer records it
src/components/editor/components/blocks/video/VideoEmpty.tsx	unreviewed	production-relevant until a pass-3 reviewer records it
src/components/editor/components/blocks/video/VideoRender.tsx	unreviewed	production-relevant until a pass-3 reviewer records it
src/components/editor/components/blocks/video/VideoToolbar.tsx	unreviewed	production-relevant until a pass-3 reviewer records it
src/components/editor/components/blocks/video/index.ts	unreviewed	production-relevant until a pass-3 reviewer records it
src/components/editor/components/drag-drop/handleBlockDrop.ts	unreviewed	production-relevant until a pass-3 reviewer records it
src/components/editor/components/drag-drop/useBlockDrag.ts	unreviewed	production-relevant until a pass-3 reviewer records it
src/components/editor/components/drag-drop/useBlockDrop.ts	unreviewed	production-relevant until a pass-3 reviewer records it
src/components/editor/components/drag-drop/validation.ts	unreviewed	production-relevant until a pass-3 reviewer records it
src/components/editor/components/element/BlockNotFound.tsx	unreviewed	production-relevant until a pass-3 reviewer records it
src/components/editor/components/element/Element.tsx	unreviewed	production-relevant until a pass-3 reviewer records it
src/components/editor/components/element/UnSupportedBlock.stories.tsx	unreviewed	production-relevant until a pass-3 reviewer records it
src/components/editor/components/element/UnSupportedBlock.tsx	unreviewed	production-relevant until a pass-3 reviewer records it
src/components/editor/components/element/index.ts	unreviewed	production-relevant until a pass-3 reviewer records it
src/components/editor/components/find-replace/FindReplaceContext.tsx	unreviewed	production-relevant until a pass-3 reviewer records it
src/components/editor/components/find-replace/FindReplacePanel.tsx	unreviewed	production-relevant until a pass-3 reviewer records it
src/components/editor/components/find-replace/__tests__/searchUtils.test.ts	test-fixture	test or fixture path
src/components/editor/components/find-replace/searchUtils.ts	unreviewed	production-relevant until a pass-3 reviewer records it
src/components/editor/components/leaf/InlineChromiumBugfix.tsx	unreviewed	production-relevant until a pass-3 reviewer records it
src/components/editor/components/leaf/Leaf.tsx	unreviewed	production-relevant until a pass-3 reviewer records it
src/components/editor/components/leaf/__tests__/Leaf.inlineComment.test.tsx	test-fixture	test or fixture path
src/components/editor/components/leaf/formula/FormulaLeaf.tsx	unreviewed	production-relevant until a pass-3 reviewer records it
src/components/editor/components/leaf/formula/FormulaPopover.tsx	unreviewed	production-relevant until a pass-3 reviewer records it
src/components/editor/components/leaf/formula/index.ts	unreviewed	production-relevant until a pass-3 reviewer records it
src/components/editor/components/leaf/href/Href.tsx	unreviewed	production-relevant until a pass-3 reviewer records it
src/components/editor/components/leaf/href/HrefPopover.tsx	unreviewed	production-relevant until a pass-3 reviewer records it
src/components/editor/components/leaf/href/index.ts	unreviewed	production-relevant until a pass-3 reviewer records it
src/components/editor/components/leaf/index.ts	unreviewed	production-relevant until a pass-3 reviewer records it
src/components/editor/components/leaf/leaf.hooks.ts	unreviewed	production-relevant until a pass-3 reviewer records it
src/components/editor/components/leaf/mention/MentionDatabase.tsx	unreviewed	production-relevant until a pass-3 reviewer records it
src/components/editor/components/leaf/mention/MentionDate.tsx	unreviewed	production-relevant until a pass-3 reviewer records it
src/components/editor/components/leaf/mention/MentionDatePicker.tsx	unreviewed	production-relevant until a pass-3 reviewer records it
src/components/editor/components/leaf/mention/MentionExternalLink.tsx	unreviewed	production-relevant until a pass-3 reviewer records it
src/components/editor/components/leaf/mention/MentionLeaf.tsx	unreviewed	production-relevant until a pass-3 reviewer records it
src/components/editor/components/leaf/mention/MentionLinkPreviewCard.tsx	unreviewed	production-relevant until a pass-3 reviewer records it
src/components/editor/components/leaf/mention/MentionPage.tsx	unreviewed	production-relevant until a pass-3 reviewer records it
src/components/editor/components/leaf/mention/MentionPerson.tsx	unreviewed	production-relevant until a pass-3 reviewer records it
src/components/editor/components/leaf/mention/__tests__/MentionLeaf.test.tsx	test-fixture	test or fixture path
src/components/editor/components/leaf/mention/index.ts	unreviewed	production-relevant until a pass-3 reviewer records it
src/components/editor/components/leaf/mention/reminder-options.ts	unreviewed	production-relevant until a pass-3 reviewer records it
src/components/editor/components/leaf/mention/style.css	unreviewed	production-relevant until a pass-3 reviewer records it
src/components/editor/components/leaf/reference/InlineReference.tsx	unreviewed	production-relevant until a pass-3 reviewer records it
src/components/editor/components/leaf/reference/__tests__/InlineReference.test.ts	test-fixture	test or fixture path
src/components/editor/components/leaf/reference/utils.ts	unreviewed	production-relevant until a pass-3 reviewer records it
src/components/editor/components/panels/Panels.hooks.ts	unreviewed	production-relevant until a pass-3 reviewer records it
src/components/editor/components/panels/PanelsContext.tsx	unreviewed	production-relevant until a pass-3 reviewer records it
src/components/editor/components/panels/index.tsx	unreviewed	production-relevant until a pass-3 reviewer records it
src/components/editor/components/panels/mention-panel/MentionPanel.tsx	unreviewed	production-relevant until a pass-3 reviewer records it
src/components/editor/components/panels/mention-panel/__tests__/mentionSearchCache.test.ts	test-fixture	test or fixture path
src/components/editor/components/panels/mention-panel/__tests__/mentionUtils.test.ts	test-fixture	test or fixture path
src/components/editor/components/panels/mention-panel/index.ts	unreviewed	production-relevant until a pass-3 reviewer records it
src/components/editor/components/panels/mention-panel/mentionSearchCache.ts	unreviewed	production-relevant until a pass-3 reviewer records it
src/components/editor/components/panels/mention-panel/mentionUtils.ts	unreviewed	production-relevant until a pass-3 reviewer records it
src/components/editor/components/panels/paste-as-panel/PasteAsPanel.tsx	unreviewed	production-relevant until a pass-3 reviewer records it
src/components/editor/components/panels/paste-as-panel/constants.ts	unreviewed	production-relevant until a pass-3 reviewer records it
src/components/editor/components/panels/paste-as-panel/index.ts	unreviewed	production-relevant until a pass-3 reviewer records it
src/components/editor/components/panels/slash-panel/SlashPanel.tsx	unreviewed	production-relevant until a pass-3 reviewer records it
src/components/editor/components/panels/slash-panel/__tests__/database-layout.test.ts	test-fixture	test or fixture path
src/components/editor/components/panels/slash-panel/__tests__/slash-menu-options.test.ts	test-fixture	test or fixture path
src/components/editor/components/panels/slash-panel/database-layout.ts	unreviewed	production-relevant until a pass-3 reviewer records it
src/components/editor/components/panels/slash-panel/index.ts	unreviewed	production-relevant until a pass-3 reviewer records it
src/components/editor/components/panels/slash-panel/slash-menu-options.ts	unreviewed	production-relevant until a pass-3 reviewer records it
src/components/editor/components/remote-selections/RemoteSelectionsLayer.tsx	unreviewed	production-relevant until a pass-3 reviewer records it
src/components/editor/components/remote-selections/index.ts	unreviewed	production-relevant until a pass-3 reviewer records it
src/components/editor/components/table-container/TableContainer.tsx	unreviewed	production-relevant until a pass-3 reviewer records it
src/components/editor/components/toolbar/block-controls/CalloutIconControl.tsx	unreviewed	production-relevant until a pass-3 reviewer records it
src/components/editor/components/toolbar/block-controls/CalloutQuickStyleControl.tsx	unreviewed	production-relevant until a pass-3 reviewer records it
src/components/editor/components/toolbar/block-controls/CalloutTextColor.tsx	unreviewed	production-relevant until a pass-3 reviewer records it
src/components/editor/components/toolbar/block-controls/Color.tsx	unreviewed	production-relevant until a pass-3 reviewer records it
src/components/editor/components/toolbar/block-controls/ControlActions.tsx	unreviewed	production-relevant until a pass-3 reviewer records it
src/components/editor/components/toolbar/block-controls/ControlsMenu.tsx	unreviewed	production-relevant until a pass-3 reviewer records it
src/components/editor/components/toolbar/block-controls/HoverControls.hooks.ts	unreviewed	production-relevant until a pass-3 reviewer records it
src/components/editor/components/toolbar/block-controls/HoverControls.tsx	unreviewed	production-relevant until a pass-3 reviewer records it
src/components/editor/components/toolbar/block-controls/OutlineControls.tsx	unreviewed	production-relevant until a pass-3 reviewer records it
src/components/editor/components/toolbar/block-controls/__tests__/databaseDuplicateUtils.test.ts	test-fixture	test or fixture path
src/components/editor/components/toolbar/block-controls/databaseDuplicateUtils.ts	unreviewed	production-relevant until a pass-3 reviewer records it
src/components/editor/components/toolbar/block-controls/index.ts	unreviewed	production-relevant until a pass-3 reviewer records it
src/components/editor/components/toolbar/block-controls/utils.ts	unreviewed	production-relevant until a pass-3 reviewer records it
src/components/editor/components/toolbar/index.tsx	unreviewed	production-relevant until a pass-3 reviewer records it
src/components/editor/components/toolbar/selection-toolbar/SelectionToolbar.hooks.ts	unreviewed	production-relevant until a pass-3 reviewer records it
src/components/editor/components/toolbar/selection-toolbar/SelectionToolbar.tsx	unreviewed	production-relevant until a pass-3 reviewer records it
src/components/editor/components/toolbar/selection-toolbar/ToolbarActions.tsx	unreviewed	production-relevant until a pass-3 reviewer records it
src/components/editor/components/toolbar/selection-toolbar/__tests__/utils.test.ts	test-fixture	test or fixture path
src/components/editor/components/toolbar/selection-toolbar/actions/AIAssistant.tsx	unreviewed	production-relevant until a pass-3 reviewer records it
src/components/editor/components/toolbar/selection-toolbar/actions/ActionButton.tsx	unreviewed	production-relevant until a pass-3 reviewer records it
src/components/editor/components/toolbar/selection-toolbar/actions/Align.tsx	unreviewed	production-relevant until a pass-3 reviewer records it
src/components/editor/components/toolbar/selection-toolbar/actions/BgColor.tsx	unreviewed	production-relevant until a pass-3 reviewer records it
src/components/editor/components/toolbar/selection-toolbar/actions/Bold.tsx	unreviewed	production-relevant until a pass-3 reviewer records it
src/components/editor/components/toolbar/selection-toolbar/actions/BulletedList.tsx	unreviewed	production-relevant until a pass-3 reviewer records it
src/components/editor/components/toolbar/selection-toolbar/actions/Formula.tsx	unreviewed	production-relevant until a pass-3 reviewer records it
src/components/editor/components/toolbar/selection-toolbar/actions/Heading.tsx	unreviewed	production-relevant until a pass-3 reviewer records it
src/components/editor/components/toolbar/selection-toolbar/actions/Href.tsx	unreviewed	production-relevant until a pass-3 reviewer records it
src/components/editor/components/toolbar/selection-toolbar/actions/InlineCode.tsx	unreviewed	production-relevant until a pass-3 reviewer records it
src/components/editor/components/toolbar/selection-toolbar/actions/Italic.tsx	unreviewed	production-relevant until a pass-3 reviewer records it
src/components/editor/components/toolbar/selection-toolbar/actions/NumberedList.tsx	unreviewed	production-relevant until a pass-3 reviewer records it
src/components/editor/components/toolbar/selection-toolbar/actions/Paragraph.tsx	unreviewed	production-relevant until a pass-3 reviewer records it
src/components/editor/components/toolbar/selection-toolbar/actions/Quote.tsx	unreviewed	production-relevant until a pass-3 reviewer records it
src/components/editor/components/toolbar/selection-toolbar/actions/StrikeThrough.tsx	unreviewed	production-relevant until a pass-3 reviewer records it
src/components/editor/components/toolbar/selection-toolbar/actions/TextColor.stories.tsx	unreviewed	production-relevant until a pass-3 reviewer records it
src/components/editor/components/toolbar/selection-toolbar/actions/TextColor.tsx	unreviewed	production-relevant until a pass-3 reviewer records it
src/components/editor/components/toolbar/selection-toolbar/actions/Underline.tsx	unreviewed	production-relevant until a pass-3 reviewer records it
src/components/editor/components/toolbar/selection-toolbar/utils.ts	unreviewed	production-relevant until a pass-3 reviewer records it
src/components/editor/database-block-lifecycle.ts	unreviewed	production-relevant until a pass-3 reviewer records it
src/components/editor/editor.scss	unreviewed	production-relevant until a pass-3 reviewer records it
src/components/editor/editor.type.ts	unreviewed	production-relevant until a pass-3 reviewer records it
src/components/editor/index.ts	unreviewed	production-relevant until a pass-3 reviewer records it
src/components/editor/parsers/__tests__/block-converters.test.ts	test-fixture	test or fixture path
src/components/editor/parsers/__tests__/html-parser.test.ts	test-fixture	test or fixture path
src/components/editor/parsers/__tests__/inline-converters.test.ts	test-fixture	test or fixture path
src/components/editor/parsers/__tests__/markdown-parser.test.ts	test-fixture	test or fixture path
src/components/editor/parsers/__tests__/paste-fragment-detectors.test.ts	test-fixture	test or fixture path
src/components/editor/parsers/__tests__/sanitize.test.ts	test-fixture	test or fixture path
src/components/editor/parsers/__tests__/table-parser.test.ts	test-fixture	test or fixture path
src/components/editor/parsers/block-converters.ts	unreviewed	production-relevant until a pass-3 reviewer records it
src/components/editor/parsers/html-parser.ts	unreviewed	production-relevant until a pass-3 reviewer records it
src/components/editor/parsers/inline-converters.ts	unreviewed	production-relevant until a pass-3 reviewer records it
src/components/editor/parsers/markdown-parser.ts	unreviewed	production-relevant until a pass-3 reviewer records it
src/components/editor/parsers/mdast-utils.ts	unreviewed	production-relevant until a pass-3 reviewer records it
src/components/editor/parsers/paste-fragment-detectors.ts	unreviewed	production-relevant until a pass-3 reviewer records it
src/components/editor/parsers/sanitize.ts	unreviewed	production-relevant until a pass-3 reviewer records it
src/components/editor/parsers/table-parser.ts	unreviewed	production-relevant until a pass-3 reviewer records it
src/components/editor/parsers/types.ts	unreviewed	production-relevant until a pass-3 reviewer records it
src/components/editor/plugins/__tests__/inlineCommentClipboard.test.ts	test-fixture	test or fixture path
src/components/editor/plugins/__tests__/withPasted.test.ts	test-fixture	test or fixture path
src/components/editor/plugins/index.ts	unreviewed	production-relevant until a pass-3 reviewer records it
src/components/editor/plugins/withCopy.ts	unreviewed	production-relevant until a pass-3 reviewer records it
src/components/editor/plugins/withDelete.ts	unreviewed	production-relevant until a pass-3 reviewer records it
src/components/editor/plugins/withElement.ts	unreviewed	production-relevant until a pass-3 reviewer records it
src/components/editor/plugins/withInsertBreak.ts	unreviewed	production-relevant until a pass-3 reviewer records it
src/components/editor/plugins/withInsertData.ts	unreviewed	production-relevant until a pass-3 reviewer records it
src/components/editor/plugins/withInsertText.ts	unreviewed	production-relevant until a pass-3 reviewer records it
src/components/editor/plugins/withMarkdown.ts	unreviewed	production-relevant until a pass-3 reviewer records it
src/components/editor/plugins/withPasted.ts	unreviewed	production-relevant until a pass-3 reviewer records it
src/components/editor/plugins/withSimpleTable.ts	unreviewed	production-relevant until a pass-3 reviewer records it
src/components/editor/shortcut.hooks.ts	unreviewed	production-relevant until a pass-3 reviewer records it
src/components/editor/utils/__tests__/fragment.test.ts	test-fixture	test or fixture path
src/components/editor/utils/file-url.ts	unreviewed	production-relevant until a pass-3 reviewer records it
src/components/editor/utils/fragment.ts	unreviewed	production-relevant until a pass-3 reviewer records it
src/components/editor/utils/insert-blocks-at-caret.ts	unreviewed	production-relevant until a pass-3 reviewer records it
src/components/editor/utils/list.ts	unreviewed	production-relevant until a pass-3 reviewer records it
src/components/editor/utils/markdown-detector.ts	unreviewed	production-relevant until a pass-3 reviewer records it
src/components/editor/utils/markdown.ts	unreviewed	production-relevant until a pass-3 reviewer records it
src/components/error/ElementFallbackRender.tsx	unreviewed	production-relevant until a pass-3 reviewer records it
src/components/error/ErrorHandlerPage.tsx	unreviewed	production-relevant until a pass-3 reviewer records it
src/components/error/ErrorModal.tsx	unreviewed	production-relevant until a pass-3 reviewer records it
src/components/error/NotFound.tsx	unreviewed	production-relevant until a pass-3 reviewer records it
src/components/error/PageHasBeenDeleted.tsx	unreviewed	production-relevant until a pass-3 reviewer records it
src/components/error/RecordNotFound.stories.tsx	unreviewed	production-relevant until a pass-3 reviewer records it
src/components/error/RecordNotFound.tsx	unreviewed	production-relevant until a pass-3 reviewer records it
src/components/error/SomethingError.tsx	unreviewed	production-relevant until a pass-3 reviewer records it
src/components/error/__tests__/ElementFallbackRender.test.tsx	test-fixture	test or fixture path
src/components/global-comment/CommentList.tsx	unreviewed	production-relevant until a pass-3 reviewer records it
src/components/global-comment/GlobalComment.hooks.tsx	unreviewed	production-relevant until a pass-3 reviewer records it
src/components/global-comment/GlobalComment.tsx	unreviewed	production-relevant until a pass-3 reviewer records it
src/components/global-comment/GlobalCommentProvider.tsx	unreviewed	production-relevant until a pass-3 reviewer records it
src/components/global-comment/ReplyComment.tsx	unreviewed	production-relevant until a pass-3 reviewer records it
src/components/global-comment/actions/CommentActions.tsx	unreviewed	production-relevant until a pass-3 reviewer records it
src/components/global-comment/actions/MoreActions.tsx	unreviewed	production-relevant until a pass-3 reviewer records it
src/components/global-comment/actions/ReactAction.tsx	unreviewed	production-relevant until a pass-3 reviewer records it
src/components/global-comment/actions/ReplyAction.tsx	unreviewed	production-relevant until a pass-3 reviewer records it
src/components/global-comment/add-comment/AddComment.tsx	unreviewed	production-relevant until a pass-3 reviewer records it
src/components/global-comment/add-comment/AddCommentWrapper.tsx	unreviewed	production-relevant until a pass-3 reviewer records it
src/components/global-comment/add-comment/__tests__/layout.test.ts	test-fixture	test or fixture path
src/components/global-comment/add-comment/index.ts	unreviewed	production-relevant until a pass-3 reviewer records it
src/components/global-comment/add-comment/layout.ts	unreviewed	production-relevant until a pass-3 reviewer records it
src/components/global-comment/comment/Comment.tsx	unreviewed	production-relevant until a pass-3 reviewer records it
src/components/global-comment/comment/CommentWrap.tsx	unreviewed	production-relevant until a pass-3 reviewer records it
src/components/global-comment/comment/index.ts	unreviewed	production-relevant until a pass-3 reviewer records it
src/components/global-comment/index.ts	unreviewed	production-relevant until a pass-3 reviewer records it
src/components/global-comment/reactions/Reaction.tsx	unreviewed	production-relevant until a pass-3 reviewer records it
src/components/global-comment/reactions/Reactions.tsx	unreviewed	production-relevant until a pass-3 reviewer records it
src/components/global-comment/reactions/index.ts	unreviewed	production-relevant until a pass-3 reviewer records it
src/components/global-comment/utils.ts	unreviewed	production-relevant until a pass-3 reviewer records it
src/components/inline-comment/InlineCommentComposer.tsx	unreviewed	production-relevant until a pass-3 reviewer records it
src/components/inline-comment/InlineCommentContext.tsx	unreviewed	production-relevant until a pass-3 reviewer records it
src/components/inline-comment/InlineCommentSidebar.tsx	unreviewed	production-relevant until a pass-3 reviewer records it
src/components/inline-comment/InlineCommentToggleButton.tsx	unreviewed	production-relevant until a pass-3 reviewer records it
src/components/inline-comment/__tests__/InlineCommentComposer.test.tsx	test-fixture	test or fixture path
src/components/inline-comment/__tests__/InlineCommentContext.test.tsx	test-fixture	test or fixture path
src/components/inline-comment/__tests__/InlineCommentSidebar.test.tsx	test-fixture	test or fixture path
src/components/inline-comment/editor/InlineCommentAction.tsx	unreviewed	production-relevant until a pass-3 reviewer records it
src/components/inline-comment/editor/InlineCommentEditorControls.tsx	unreviewed	production-relevant until a pass-3 reviewer records it
src/components/inline-comment/editor/__tests__/InlineCommentAction.test.tsx	test-fixture	test or fixture path
src/components/inline-comment/editor/__tests__/anchors.test.ts	test-fixture	test or fixture path
src/components/inline-comment/editor/__tests__/useInlineCommentEditorRegistration.test.tsx	test-fixture	test or fixture path
src/components/inline-comment/editor/anchors.ts	unreviewed	production-relevant until a pass-3 reviewer records it
src/components/inline-comment/editor/useInlineCommentEditorRegistration.ts	unreviewed	production-relevant until a pass-3 reviewer records it
src/components/integrations/ArsEmbed.tsx	unreviewed	production-relevant until a pass-3 reviewer records it
src/components/login/ChangePassword.tsx	unreviewed	production-relevant until a pass-3 reviewer records it
src/components/login/CheckEmail.tsx	unreviewed	production-relevant until a pass-3 reviewer records it
src/components/login/CheckEmailResetPassword.tsx	unreviewed	production-relevant until a pass-3 reviewer records it
src/components/login/EmailLogin.tsx	unreviewed	production-relevant until a pass-3 reviewer records it
src/components/login/EnterPassword.tsx	unreviewed	production-relevant until a pass-3 reviewer records it
src/components/login/ForgotPassword.tsx	unreviewed	production-relevant until a pass-3 reviewer records it
src/components/login/LdapLoginDialog.tsx	unreviewed	production-relevant until a pass-3 reviewer records it
src/components/login/LinearBuffer.tsx	unreviewed	production-relevant until a pass-3 reviewer records it
src/components/login/Login.tsx	unreviewed	production-relevant until a pass-3 reviewer records it
src/components/login/LoginAuth.tsx	unreviewed	production-relevant until a pass-3 reviewer records it
src/components/login/LoginModal.tsx	unreviewed	production-relevant until a pass-3 reviewer records it
src/components/login/LoginProvider.tsx	unreviewed	production-relevant until a pass-3 reviewer records it
src/components/login/SamlLoginDialog.tsx	unreviewed	production-relevant until a pass-3 reviewer records it
src/components/login/SignUpPassword.tsx	unreviewed	production-relevant until a pass-3 reviewer records it
src/components/login/__tests__/CheckEmailResetPassword.test.tsx	test-fixture	test or fixture path
src/components/login/__tests__/ForgotPassword.test.tsx	test-fixture	test or fixture path
src/components/login/__tests__/LdapLoginDialog.test.tsx	test-fixture	test or fixture path
src/components/login/__tests__/LoginProvider.test.tsx	test-fixture	test or fixture path
src/components/login/__tests__/SamlLoginDialog.test.tsx	test-fixture	test or fixture path
src/components/login/const.ts	unreviewed	production-relevant until a pass-3 reviewer records it
src/components/login/index.ts	unreviewed	production-relevant until a pass-3 reviewer records it
src/components/login/password-validation.ts	unreviewed	production-relevant until a pass-3 reviewer records it
src/components/main/App.tsx	unreviewed	production-relevant until a pass-3 reviewer records it
src/components/main/AppConfig.tsx	unreviewed	production-relevant until a pass-3 reviewer records it
src/components/main/AppTheme.tsx	unreviewed	production-relevant until a pass-3 reviewer records it
src/components/main/__tests__/AppConfig.test.tsx	test-fixture	test or fixture path
src/components/main/app.hooks.ts	unreviewed	production-relevant until a pass-3 reviewer records it
src/components/main/hooks/__tests__/useUserTimezone.test.ts	test-fixture	test or fixture path
src/components/main/hooks/useUserTimezone.ts	unreviewed	production-relevant until a pass-3 reviewer records it
src/components/main/useAppLanguage.ts	unreviewed	production-relevant until a pass-3 reviewer records it
src/components/main/useAppThemeMode.ts	unreviewed	production-relevant until a pass-3 reviewer records it
src/components/main/withAppWrapper.tsx	unreviewed	production-relevant until a pass-3 reviewer records it
src/components/notifications/NotificationBell.tsx	unreviewed	production-relevant until a pass-3 reviewer records it
src/components/notifications/NotificationEmpty.tsx	unreviewed	production-relevant until a pass-3 reviewer records it
src/components/notifications/NotificationItem.tsx	unreviewed	production-relevant until a pass-3 reviewer records it
src/components/notifications/NotificationPanel.tsx	unreviewed	production-relevant until a pass-3 reviewer records it
src/components/notifications/NotificationTab.tsx	unreviewed	production-relevant until a pass-3 reviewer records it
src/components/notifications/__tests__/NotificationBell.test.tsx	test-fixture	test or fixture path
src/components/notifications/__tests__/NotificationTab.test.tsx	test-fixture	test or fixture path
src/components/notifications/__tests__/useNotifications.test.ts	test-fixture	test or fixture path
src/components/notifications/helpers.ts	unreviewed	production-relevant until a pass-3 reviewer records it
src/components/notifications/index.ts	unreviewed	production-relevant until a pass-3 reviewer records it
src/components/notifications/types.ts	unreviewed	production-relevant until a pass-3 reviewer records it
src/components/notifications/useNotifications.ts	unreviewed	production-relevant until a pass-3 reviewer records it
src/components/publish-render/PublishSnapshotView.tsx	unreviewed	production-relevant until a pass-3 reviewer records it
src/components/publish-render/__tests__/PublishSnapshotView.test.tsx	test-fixture	test or fixture path
src/components/publish-render/database/PublishedDatabaseRenderer.tsx	unreviewed	production-relevant until a pass-3 reviewer records it
src/components/publish-render/document/PublishedDocumentRenderer.tsx	unreviewed	production-relevant until a pass-3 reviewer records it
src/components/publish-render/index.ts	unreviewed	production-relevant until a pass-3 reviewer records it
src/components/publish-render/shared/PublishedPageMeta.tsx	unreviewed	production-relevant until a pass-3 reviewer records it
src/components/publish/CollabView.tsx	unreviewed	production-relevant until a pass-3 reviewer records it
src/components/publish/DatabaseView.tsx	unreviewed	production-relevant until a pass-3 reviewer records it
src/components/publish/PublishLayout.tsx	unreviewed	production-relevant until a pass-3 reviewer records it
src/components/publish/PublishMain.tsx	unreviewed	production-relevant until a pass-3 reviewer records it
src/components/publish/PublishMobileLayout.tsx	unreviewed	production-relevant until a pass-3 reviewer records it
src/components/publish/PublishRowSubDocument.tsx	unreviewed	production-relevant until a pass-3 reviewer records it
src/components/publish/PublishView.tsx	unreviewed	production-relevant until a pass-3 reviewer records it
src/components/publish/SideBar.tsx	unreviewed	production-relevant until a pass-3 reviewer records it
src/components/publish/__tests__/DatabaseView.databaseContainer.test.tsx	test-fixture	test or fixture path
src/components/publish/__tests__/comment.test.ts	test-fixture	test or fixture path
src/components/publish/comment.ts	unreviewed	production-relevant until a pass-3 reviewer records it
src/components/publish/header/PublishViewHeader.test.tsx	unreviewed	production-relevant until a pass-3 reviewer records it
src/components/publish/header/PublishViewHeader.tsx	unreviewed	production-relevant until a pass-3 reviewer records it
src/components/publish/header/RightMenu.tsx	unreviewed	production-relevant until a pass-3 reviewer records it
src/components/publish/header/duplicate/Duplicate.tsx	unreviewed	production-relevant until a pass-3 reviewer records it
src/components/publish/header/duplicate/DuplicateModal.test.ts	unreviewed	production-relevant until a pass-3 reviewer records it
src/components/publish/header/duplicate/DuplicateModal.tsx	unreviewed	production-relevant until a pass-3 reviewer records it
src/components/publish/header/duplicate/SelectWorkspace.tsx	unreviewed	production-relevant until a pass-3 reviewer records it
src/components/publish/header/duplicate/SpaceList.test.tsx	unreviewed	production-relevant until a pass-3 reviewer records it
src/components/publish/header/duplicate/SpaceList.tsx	unreviewed	production-relevant until a pass-3 reviewer records it
src/components/publish/header/duplicate/index.ts	unreviewed	production-relevant until a pass-3 reviewer records it
src/components/publish/header/duplicate/storage.ts	unreviewed	production-relevant until a pass-3 reviewer records it
src/components/publish/header/duplicate/useDuplicate.test.ts	unreviewed	production-relevant until a pass-3 reviewer records it
src/components/publish/header/duplicate/useDuplicate.ts	unreviewed	production-relevant until a pass-3 reviewer records it
src/components/publish/header/index.ts	unreviewed	production-relevant until a pass-3 reviewer records it
src/components/publish/index.ts	unreviewed	production-relevant until a pass-3 reviewer records it
src/components/publish/useViewMeta.ts	unreviewed	production-relevant until a pass-3 reviewer records it
src/components/quick-note/AddNote.tsx	unreviewed	production-relevant until a pass-3 reviewer records it
src/components/quick-note/DeleteNoteModal.tsx	unreviewed	production-relevant until a pass-3 reviewer records it
src/components/quick-note/Note.tsx	unreviewed	production-relevant until a pass-3 reviewer records it
src/components/quick-note/NoteHeader.tsx	unreviewed	production-relevant until a pass-3 reviewer records it
src/components/quick-note/NoteList.tsx	unreviewed	production-relevant until a pass-3 reviewer records it
src/components/quick-note/NoteListHeader.tsx	unreviewed	production-relevant until a pass-3 reviewer records it
src/components/quick-note/QuickNote.hooks.ts	unreviewed	production-relevant until a pass-3 reviewer records it
src/components/quick-note/QuickNote.tsx	unreviewed	production-relevant until a pass-3 reviewer records it
src/components/quick-note/index.ts	unreviewed	production-relevant until a pass-3 reviewer records it
src/components/quick-note/utils.ts	unreviewed	production-relevant until a pass-3 reviewer records it
src/components/ui/__tests__/button.test.tsx	test-fixture	test or fixture path
src/components/ui/__tests__/dropdown-menu.test.ts	test-fixture	test or fixture path
src/components/ui/__tests__/password-input.test.tsx	test-fixture	test or fixture path
src/components/ui/__tests__/progress.test.tsx	test-fixture	test or fixture path
src/components/ui/alert-dialog.tsx	unreviewed	production-relevant until a pass-3 reviewer records it
src/components/ui/avatar.tsx	unreviewed	production-relevant until a pass-3 reviewer records it
src/components/ui/button.tsx	unreviewed	production-relevant until a pass-3 reviewer records it
src/components/ui/calendar.tsx	unreviewed	production-relevant until a pass-3 reviewer records it
src/components/ui/dialog.tsx	unreviewed	production-relevant until a pass-3 reviewer records it
src/components/ui/dropdown-menu.tsx	unreviewed	production-relevant until a pass-3 reviewer records it
src/components/ui/input.tsx	unreviewed	production-relevant until a pass-3 reviewer records it
src/components/ui/label.tsx	unreviewed	production-relevant until a pass-3 reviewer records it
src/components/ui/password-input.tsx	unreviewed	production-relevant until a pass-3 reviewer records it
src/components/ui/popover.tsx	unreviewed	production-relevant until a pass-3 reviewer records it
src/components/ui/progress.tsx	unreviewed	production-relevant until a pass-3 reviewer records it
src/components/ui/search-input.tsx	unreviewed	production-relevant until a pass-3 reviewer records it
src/components/ui/separator.tsx	unreviewed	production-relevant until a pass-3 reviewer records it
src/components/ui/sonner.tsx	unreviewed	production-relevant until a pass-3 reviewer records it
src/components/ui/switch.tsx	unreviewed	production-relevant until a pass-3 reviewer records it
src/components/ui/tabs.tsx	unreviewed	production-relevant until a pass-3 reviewer records it
src/components/ui/textarea-autosize.tsx	unreviewed	production-relevant until a pass-3 reviewer records it
src/components/ui/tooltip.tsx	unreviewed	production-relevant until a pass-3 reviewer records it
src/components/view-meta/AddIconCover.tsx	unreviewed	production-relevant until a pass-3 reviewer records it
src/components/view-meta/CoverColors.tsx	unreviewed	production-relevant until a pass-3 reviewer records it
src/components/view-meta/CoverPopover.tsx	unreviewed	production-relevant until a pass-3 reviewer records it
src/components/view-meta/TitleEditable.tsx	unreviewed	production-relevant until a pass-3 reviewer records it
src/components/view-meta/ViewCover.tsx	unreviewed	production-relevant until a pass-3 reviewer records it
src/components/view-meta/ViewCoverActions.tsx	unreviewed	production-relevant until a pass-3 reviewer records it
src/components/view-meta/ViewMetaPreview.tsx	unreviewed	production-relevant until a pass-3 reviewer records it
src/components/view-meta/__tests__/TitleEditable.test.tsx	test-fixture	test or fixture path
src/components/view-meta/index.ts	unreviewed	production-relevant until a pass-3 reviewer records it
src/components/ws/__tests__/useAppflowyWebSocket.test.ts	test-fixture	test or fixture path
src/components/ws/__tests__/useBroadcastChannel.test.ts	test-fixture	test or fixture path
src/components/ws/__tests__/useSync.test.ts	test-fixture	test or fixture path
src/components/ws/__tests__/useWorkspaceRealtimeTransport.test.ts	test-fixture	test or fixture path
src/components/ws/__tests__/useWorkspaceWebSocketLeader.test.ts	test-fixture	test or fixture path
src/components/ws/index.ts	unreviewed	production-relevant until a pass-3 reviewer records it
src/components/ws/sync/rebuildCollabDoc.ts	unreviewed	production-relevant until a pass-3 reviewer records it
src/components/ws/sync/replayQueuedMessages.ts	unreviewed	production-relevant until a pass-3 reviewer records it
src/components/ws/sync/syncRefs.ts	unreviewed	production-relevant until a pass-3 reviewer records it
src/components/ws/sync/types.ts	unreviewed	production-relevant until a pass-3 reviewer records it
src/components/ws/sync/useBatchSync.ts	unreviewed	production-relevant until a pass-3 reviewer records it
src/components/ws/sync/useCollabMessageHandler.ts	unreviewed	production-relevant until a pass-3 reviewer records it
src/components/ws/sync/useCollabVersionRevert.ts	unreviewed	production-relevant until a pass-3 reviewer records it
src/components/ws/sync/useSyncContextLifecycle.ts	unreviewed	production-relevant until a pass-3 reviewer records it
src/components/ws/sync/useWorkspaceNotifications.ts	unreviewed	production-relevant until a pass-3 reviewer records it
src/components/ws/useAppflowyWebSocket.ts	unreviewed	production-relevant until a pass-3 reviewer records it
src/components/ws/useBroadcastChannel.ts	unreviewed	production-relevant until a pass-3 reviewer records it
src/components/ws/useSync.ts	unreviewed	production-relevant until a pass-3 reviewer records it
src/components/ws/useWorkspaceRealtimeTransport.ts	unreviewed	production-relevant until a pass-3 reviewer records it
src/components/ws/useWorkspaceWebSocketLeader.ts	unreviewed	production-relevant until a pass-3 reviewer records it
src/config/vite-dependencies.test.ts	unreviewed	production-relevant until a pass-3 reviewer records it
src/i18n/config.ts	unreviewed	production-relevant until a pass-3 reviewer records it
src/lib/utils.ts	unreviewed	production-relevant until a pass-3 reviewer records it
src/main.tsx	unreviewed	production-relevant until a pass-3 reviewer records it
src/pages/AcceptInvitationPage.tsx	unreviewed	production-relevant until a pass-3 reviewer records it
src/pages/AfterPaymentPage.tsx	unreviewed	production-relevant until a pass-3 reviewer records it
src/pages/AppPage.tsx	unreviewed	production-relevant until a pass-3 reviewer records it
src/pages/AsTemplatePage.tsx	unreviewed	production-relevant until a pass-3 reviewer records it
src/pages/ImportPage.tsx	unreviewed	production-relevant until a pass-3 reviewer records it
src/pages/LoginPage.tsx	unreviewed	production-relevant until a pass-3 reviewer records it
src/pages/PublishPage.tsx	unreviewed	production-relevant until a pass-3 reviewer records it
src/pages/TrashPage.tsx	unreviewed	production-relevant until a pass-3 reviewer records it
src/pages/__tests__/AppPage.databaseContainer.test.tsx	test-fixture	test or fixture path
src/pages/__tests__/DatabaseView.databaseContainer.test.tsx	test-fixture	test or fixture path
src/pages/__tests__/TrashPage.rowLifecycle.test.tsx	test-fixture	test or fixture path
src/proto/README.md	doc	readme
src/proto/collab.proto	unreviewed	production-relevant until a pass-3 reviewer records it
src/proto/database_blob.d.ts	unreviewed	production-relevant until a pass-3 reviewer records it
src/proto/database_blob.js	unreviewed	production-relevant until a pass-3 reviewer records it
src/proto/database_blob.proto	unreviewed	production-relevant until a pass-3 reviewer records it
src/proto/messages.d.ts	unreviewed	production-relevant until a pass-3 reviewer records it
src/proto/messages.js	unreviewed	production-relevant until a pass-3 reviewer records it
src/proto/messages.proto	unreviewed	production-relevant until a pass-3 reviewer records it
src/proto/notification.proto	unreviewed	production-relevant until a pass-3 reviewer records it
src/shims/protobufjs-inquire.cjs	unreviewed	production-relevant until a pass-3 reviewer records it
src/slate-editor.d.ts	unreviewed	production-relevant until a pass-3 reviewer records it
src/styles/app.scss	unreviewed	production-relevant until a pass-3 reviewer records it
src/styles/global.css	unreviewed	production-relevant until a pass-3 reviewer records it
src/styles/mixin.scss	unreviewed	production-relevant until a pass-3 reviewer records it
src/styles/tailwind.css	unreviewed	production-relevant until a pass-3 reviewer records it
src/styles/template.css	unreviewed	production-relevant until a pass-3 reviewer records it
src/styles/variables/dark.variables.css	unreviewed	production-relevant until a pass-3 reviewer records it
src/styles/variables/light.variables.css	unreviewed	production-relevant until a pass-3 reviewer records it
src/styles/variables/semantic.dark.css	unreviewed	production-relevant until a pass-3 reviewer records it
src/styles/variables/semantic.light.css	unreviewed	production-relevant until a pass-3 reviewer records it
src/utils/__tests__/file-storage-url.test.ts	test-fixture	test or fixture path
src/utils/__tests__/link-preview-remote.test.ts	test-fixture	test or fixture path
src/utils/__tests__/link-preview.test.ts	test-fixture	test or fixture path
src/utils/__tests__/timezone.test.ts	test-fixture	test or fixture path
src/utils/__tests__/upload-tracker.test.ts	test-fixture	test or fixture path
src/utils/__tests__/url.test.ts	test-fixture	test or fixture path
src/utils/__tests__/video-url.test.ts	test-fixture	test or fixture path
src/utils/authenticated-image.ts	unreviewed	production-relevant until a pass-3 reviewer records it
src/utils/color.ts	unreviewed	production-relevant until a pass-3 reviewer records it
src/utils/copy.ts	unreviewed	production-relevant until a pass-3 reviewer records it
src/utils/cover.ts	unreviewed	production-relevant until a pass-3 reviewer records it
src/utils/database-view-order.ts	unreviewed	production-relevant until a pass-3 reviewer records it
src/utils/deduplicateRequest.ts	unreviewed	production-relevant until a pass-3 reviewer records it
src/utils/download.ts	unreviewed	production-relevant until a pass-3 reviewer records it
src/utils/emoji.ts	unreviewed	production-relevant until a pass-3 reviewer records it
src/utils/errors.ts	unreviewed	production-relevant until a pass-3 reviewer records it
src/utils/file-storage-url.ts	unreviewed	production-relevant until a pass-3 reviewer records it
src/utils/file.ts	unreviewed	production-relevant until a pass-3 reviewer records it
src/utils/font.ts	unreviewed	production-relevant until a pass-3 reviewer records it
src/utils/hotkeys.ts	unreviewed	production-relevant until a pass-3 reviewer records it
src/utils/image.ts	unreviewed	production-relevant until a pass-3 reviewer records it
src/utils/link-preview-remote.ts	unreviewed	production-relevant until a pass-3 reviewer records it
src/utils/link-preview.ts	unreviewed	production-relevant until a pass-3 reviewer records it
src/utils/log.ts	unreviewed	production-relevant until a pass-3 reviewer records it
src/utils/md5.ts	unreviewed	production-relevant until a pass-3 reviewer records it
src/utils/open_schema.ts	unreviewed	production-relevant until a pass-3 reviewer records it
src/utils/pending-upload.ts	unreviewed	production-relevant until a pass-3 reviewer records it
src/utils/platform.ts	unreviewed	production-relevant until a pass-3 reviewer records it
src/utils/position.ts	unreviewed	production-relevant until a pass-3 reviewer records it
src/utils/publish-error.ts	unreviewed	production-relevant until a pass-3 reviewer records it
src/utils/runtime-config.ts	unreviewed	production-relevant until a pass-3 reviewer records it
src/utils/subscription.ts	unreviewed	production-relevant until a pass-3 reviewer records it
src/utils/time.ts	unreviewed	production-relevant until a pass-3 reviewer records it
src/utils/timezone.ts	unreviewed	production-relevant until a pass-3 reviewer records it
src/utils/upload-tracker.ts	unreviewed	production-relevant until a pass-3 reviewer records it
src/utils/url.ts	reviewed	main-session required http:// or https:// before treating a string as an already-absolute URL
src/utils/video-url.ts	unreviewed	production-relevant until a pass-3 reviewer records it
src/utils/word.ts	unreviewed	production-relevant until a pass-3 reviewer records it
src/vite-env.d.ts	unreviewed	production-relevant until a pass-3 reviewer records it
tailwind.config.cjs	unreviewed	production-relevant until a pass-3 reviewer records it
tailwind/box-shadow.cjs	unreviewed	production-relevant until a pass-3 reviewer records it
tailwind/colors.cjs	unreviewed	production-relevant until a pass-3 reviewer records it
tailwind/new-colors.cjs	unreviewed	production-relevant until a pass-3 reviewer records it
tsconfig.json	unreviewed	production-relevant until a pass-3 reviewer records it
tsconfig.node.json	unreviewed	production-relevant until a pass-3 reviewer records it
tsconfig.web.json	unreviewed	production-relevant until a pass-3 reviewer records it
vercel.json	unreviewed	production-relevant until a pass-3 reviewer records it
vite-plugin-strip-testid.ts	unreviewed	production-relevant until a pass-3 reviewer records it
vite.config.ts	unreviewed	production-relevant until a pass-3 reviewer records it
vite.dependencies.ts	unreviewed	production-relevant until a pass-3 reviewer records it
